vid_id,split,frame,left,center,right,total_count,mean_speed,flow_x,flow_y,density_left,density_center,density_right,active_tracks,left_smooth,center_smooth,right_smooth,total_count_smooth,mean_speed_smooth,flow_x_smooth,flow_y_smooth,density_left_smooth,density_center_smooth,density_right_smooth,active_tracks_smooth
Train033,train,0,2,0,0,2,0.0,0.0,0.0,0.00013785497656465398,0.0,0.0,7,2.0,0.0,0.0,2.0,0.0,0.0,0.0,0.00013785497656465398,0.0,0.0,7.0
Train033,train,1,2,0,0,2,0.0,0.0,0.0,0.00013785497656465398,0.0,0.0,7,2.0,0.0,0.0,2.0,0.0,0.0,0.0,0.00013785497656465398,0.0,0.0,7.0
Train033,train,2,2,0,0,2,0.0,0.0,0.0,0.00013785497656465398,0.0,0.0,7,2.0,0.0,0.0,2.0,0.5789197759896559,0.39412730353962205,-0.16051956763201813,0.00013785497656465398,0.0,0.0,6.8
Train033,train,3,2,0,0,2,0.0,0.0,0.0,0.00013785497656465398,0.0,0.0,7,2.0,0.0,0.0,2.0,0.5789197759896559,0.39412730353962205,-0.16051956763201813,0.00013785497656465398,0.0,0.0,6.6
Train033,train,4,2,0,0,2,2.89459887994828,1.9706365176981102,-0.8025978381600907,0.00013785497656465398,0.0,0.0,6,2.0,0.0,0.0,2.0,0.5789197759896559,0.39412730353962205,-0.16051956763201813,0.00013785497656465398,0.0,0.0,6.4
Train033,train,5,2,0,0,2,0.0,0.0,0.0,0.00013785497656465398,0.0,0.0,6,2.0,0.0,0.0,2.0,0.5789197759896559,0.39412730353962205,-0.16051956763201813,0.00013785497656465398,0.0,0.0,6.2
Train033,train,6,2,0,0,2,0.0,0.0,0.0,0.00013785497656465398,0.0,0.0,6,2.0,0.0,0.0,2.0,0.5789197759896559,0.39412730353962205,-0.16051956763201813,0.00013785497656465398,0.0,0.0,6.0
Train033,train,7,2,0,0,2,0.0,0.0,0.0,0.00013785497656465398,0.0,0.0,6,1.8,0.2,0.0,2.0,0.7471991919278747,0.5283570833575554,-0.2570892708393888,0.00012406947890818859,1.3785497656465398e-05,0.0,6.2
Train033,train,8,2,0,0,2,0.0,0.0,0.0,0.00013785497656465398,0.0,0.0,6,1.6,0.4,0.0,2.0,0.7471991919278747,0.5283570833575554,-0.2570892708393888,0.00011028398125172319,2.7570995312930797e-05,0.0,6.4
Train033,train,9,1,1,0,2,3.7359959596393733,2.641785416787777,-1.285446354196944,6.892748828232699e-05,6.892748828232699e-05,0.0,7,1.4,0.6,0.0,2.0,0.7471991919278747,0.5283570833575554,-0.2570892708393888,9.649848359525779e-05,4.1356492969396195e-05,0.0,6.6
Train033,train,10,1,1,0,2,0.0,0.0,0.0,6.892748828232699e-05,6.892748828232699e-05,0.0,7,1.2,0.8,0.0,2.0,0.7471991919278747,0.5283570833575554,-0.2570892708393888,8.271298593879239e-05,5.5141990625861594e-05,0.0,6.8
Train033,train,11,1,1,0,2,0.0,0.0,0.0,6.892748828232699e-05,6.892748828232699e-05,0.0,7,1.0,1.0,0.0,2.0,0.7471991919278747,0.5283570833575554,-0.2570892708393888,6.892748828232699e-05,6.892748828232699e-05,0.0,7.0
Train033,train,12,1,1,0,2,0.0,0.0,0.0,6.892748828232699e-05,6.892748828232699e-05,0.0,7,1.0,1.0,0.0,2.0,0.6874388300492082,0.4777058232668744,-0.1596104417600554,6.892748828232699e-05,6.892748828232699e-05,0.0,6.8
Train033,train,13,1,1,0,2,0.0,0.0,0.0,6.892748828232699e-05,6.892748828232699e-05,0.0,7,1.0,1.0,0.0,2.0,0.6874388300492082,0.4777058232668744,-0.1596104417600554,6.892748828232699e-05,6.892748828232699e-05,0.0,6.6
Train033,train,14,1,1,0,2,3.4371941502460412,2.388529116334372,-0.7980522088002769,6.892748828232699e-05,6.892748828232699e-05,0.0,6,1.0,1.0,0.0,2.0,0.6874388300492082,0.4777058232668744,-0.1596104417600554,6.892748828232699e-05,6.892748828232699e-05,0.0,6.4
Train033,train,15,1,1,0,2,0.0,0.0,0.0,6.892748828232699e-05,6.892748828232699e-05,0.0,6,1.0,1.0,0.0,2.0,0.6874388300492082,0.4777058232668744,-0.1596104417600554,6.892748828232699e-05,6.892748828232699e-05,0.0,6.2
Train033,train,16,1,1,0,2,0.0,0.0,0.0,6.892748828232699e-05,6.892748828232699e-05,0.0,6,1.0,1.0,0.0,2.0,0.6874388300492082,0.4777058232668744,-0.1596104417600554,6.892748828232699e-05,6.892748828232699e-05,0.0,6.0
Train033,train,17,1,1,0,2,0.0,0.0,0.0,6.892748828232699e-05,6.892748828232699e-05,0.0,6,1.0,1.0,0.0,2.0,0.8198419191205423,0.5990711984999859,-0.29120226591665965,6.892748828232699e-05,6.892748828232699e-05,0.0,6.0
Train033,train,18,1,1,0,2,0.0,0.0,0.0,6.892748828232699e-05,6.892748828232699e-05,0.0,6,1.0,1.0,0.0,2.0,0.8198419191205423,0.5990711984999859,-0.29120226591665965,6.892748828232699e-05,6.892748828232699e-05,0.0,6.0
Train033,train,19,1,1,0,2,4.099209595602711,2.99535599249993,-1.4560113295832984,6.892748828232699e-05,6.892748828232699e-05,0.0,6,1.0,1.0,0.0,2.0,0.8198419191205423,0.5990711984999859,-0.29120226591665965,6.892748828232699e-05,6.892748828232699e-05,0.0,6.0
Train033,train,20,1,1,0,2,0.0,0.0,0.0,6.892748828232699e-05,6.892748828232699e-05,0.0,6,1.0,1.0,0.0,2.0,0.8198419191205423,0.5990711984999859,-0.29120226591665965,6.892748828232699e-05,6.892748828232699e-05,0.0,6.0
Train033,train,21,1,1,0,2,0.0,0.0,0.0,6.892748828232699e-05,6.892748828232699e-05,0.0,6,1.0,1.0,0.0,2.0,0.8198419191205423,0.5990711984999859,-0.29120226591665965,6.892748828232699e-05,6.892748828232699e-05,0.0,6.0
Train033,train,22,1,1,0,2,0.0,0.0,0.0,6.892748828232699e-05,6.892748828232699e-05,0.0,6,1.0,1.0,0.0,2.0,0.729229722697566,0.6599999999999999,-0.3,6.892748828232699e-05,6.892748828232699e-05,0.0,5.8
Train033,train,23,1,1,0,2,0.0,0.0,0.0,6.892748828232699e-05,6.892748828232699e-05,0.0,6,1.0,1.0,0.0,2.0,0.729229722697566,0.6599999999999999,-0.3,6.892748828232699e-05,6.892748828232699e-05,0.0,5.6
Train033,train,24,1,1,0,2,3.64614861348783,3.3,-1.5,6.892748828232699e-05,6.892748828232699e-05,0.0,5,1.0,1.0,0.0,2.0,0.729229722697566,0.6599999999999999,-0.3,6.892748828232699e-05,6.892748828232699e-05,0.0,5.4
Train033,train,25,1,1,0,2,0.0,0.0,0.0,6.892748828232699e-05,6.892748828232699e-05,0.0,5,1.0,1.0,0.0,2.0,0.729229722697566,0.6599999999999999,-0.3,6.892748828232699e-05,6.892748828232699e-05,0.0,5.2
Train033,train,26,1,1,0,2,0.0,0.0,0.0,6.892748828232699e-05,6.892748828232699e-05,0.0,5,1.0,1.0,0.0,2.0,0.729229722697566,0.6599999999999999,-0.3,6.892748828232699e-05,6.892748828232699e-05,0.0,5.0
Train033,train,27,1,1,0,2,0.0,0.0,0.0,6.892748828232699e-05,6.892748828232699e-05,0.0,5,1.0,0.8,0.0,1.8,0.7714500962864063,0.6788854381999831,-0.3494427190999916,6.892748828232699e-05,5.5141990625861594e-05,0.0,5.0
Train033,train,28,1,1,0,2,0.0,0.0,0.0,6.892748828232699e-05,6.892748828232699e-05,0.0,5,1.0,0.6,0.0,1.6,0.7714500962864063,0.6788854381999831,-0.3494427190999916,6.892748828232699e-05,4.1356492969396195e-05,0.0,5.0
Train033,train,29,1,0,0,1,3.857250481432031,3.3944271909999157,-1.747213595499958,6.892748828232699e-05,0.0,0.0,5,1.0,0.4,0.0,1.4,0.7714500962864063,0.6788854381999831,-0.3494427190999916,6.892748828232699e-05,2.7570995312930797e-05,0.0,5.0
Train033,train,30,1,0,0,1,0.0,0.0,0.0,6.892748828232699e-05,0.0,0.0,5,1.0,0.2,0.0,1.2,0.7714500962864063,0.6788854381999831,-0.3494427190999916,6.892748828232699e-05,1.3785497656465398e-05,0.0,5.0
Train033,train,31,1,0,0,1,0.0,0.0,0.0,6.892748828232699e-05,0.0,0.0,5,1.0,0.0,0.0,1.0,0.7714500962864063,0.6788854381999831,-0.3494427190999916,6.892748828232699e-05,0.0,0.0,5.0
Train033,train,32,1,0,0,1,0.0,0.0,0.0,6.892748828232699e-05,0.0,0.0,5,1.0,0.0,0.0,1.0,0.6395709471561437,0.58,-0.26,6.892748828232699e-05,0.0,0.0,5.0
Train033,train,33,1,0,0,1,0.0,0.0,0.0,6.892748828232699e-05,0.0,0.0,5,1.0,0.0,0.0,1.0,0.6395709471561437,0.58,-0.26,6.892748828232699e-05,0.0,0.0,5.0
Train033,train,34,1,0,0,1,3.1978547357807185,2.9,-1.3,6.892748828232699e-05,0.0,0.0,5,1.0,0.0,0.0,1.0,0.6395709471561437,0.58,-0.26,6.892748828232699e-05,0.0,0.0,5.0
Train033,train,35,1,0,0,1,0.0,0.0,0.0,6.892748828232699e-05,0.0,0.0,5,1.0,0.0,0.0,1.0,0.6395709471561437,0.58,-0.26,6.892748828232699e-05,0.0,0.0,5.0
Train033,train,36,1,0,0,1,0.0,0.0,0.0,6.892748828232699e-05,0.0,0.0,5,1.0,0.0,0.0,1.0,0.6395709471561437,0.58,-0.26,6.892748828232699e-05,0.0,0.0,5.0
Train033,train,37,1,0,0,1,0.0,0.0,0.0,6.892748828232699e-05,0.0,0.0,5,1.0,0.0,0.0,1.0,0.6147955597946785,0.52,-0.32,6.892748828232699e-05,0.0,0.0,5.0
Train033,train,38,1,0,0,1,0.0,0.0,0.0,6.892748828232699e-05,0.0,0.0,5,1.0,0.0,0.0,1.0,0.6147955597946785,0.52,-0.32,6.892748828232699e-05,0.0,0.0,5.0
Train033,train,39,1,0,0,1,3.0739777989733925,2.6,-1.6,6.892748828232699e-05,0.0,0.0,5,1.0,0.0,0.0,1.0,0.6147955597946785,0.52,-0.32,6.892748828232699e-05,0.0,0.0,5.0
Train033,train,40,1,0,0,1,0.0,0.0,0.0,6.892748828232699e-05,0.0,0.0,5,1.0,0.0,0.0,1.0,0.6147955597946785,0.52,-0.32,6.892748828232699e-05,0.0,0.0,5.0
Train033,train,41,1,0,0,1,0.0,0.0,0.0,6.892748828232699e-05,0.0,0.0,5,1.0,0.0,0.0,1.0,0.6147955597946785,0.52,-0.32,6.892748828232699e-05,0.0,0.0,5.0
Train033,train,42,1,0,0,1,0.0,0.0,0.0,6.892748828232699e-05,0.0,0.0,5,1.0,0.0,0.0,1.0,0.6836465109830658,0.6,-0.32,6.892748828232699e-05,0.0,0.0,5.0
Train033,train,43,1,0,0,1,0.0,0.0,0.0,6.892748828232699e-05,0.0,0.0,5,1.0,0.0,0.0,1.0,0.6836465109830658,0.6,-0.32,6.892748828232699e-05,0.0,0.0,5.0
Train033,train,44,1,0,0,1,3.418232554915329,3.0,-1.6,6.892748828232699e-05,0.0,0.0,5,1.0,0.0,0.0,1.0,0.6836465109830658,0.6,-0.32,6.892748828232699e-05,0.0,0.0,5.0
Train033,train,45,1,0,0,1,0.0,0.0,0.0,6.892748828232699e-05,0.0,0.0,5,1.0,0.0,0.0,1.0,0.6836465109830658,0.6,-0.32,6.892748828232699e-05,0.0,0.0,5.0
Train033,train,46,1,0,0,1,0.0,0.0,0.0,6.892748828232699e-05,0.0,0.0,5,1.0,0.0,0.0,1.0,0.6836465109830658,0.6,-0.32,6.892748828232699e-05,0.0,0.0,5.0
Train033,train,47,1,0,0,1,0.0,0.0,0.0,6.892748828232699e-05,0.0,0.0,5,1.0,0.0,0.0,1.0,0.5564363321532955,0.48,-0.26,6.892748828232699e-05,0.0,0.0,5.2
Train033,train,48,1,0,0,1,0.0,0.0,0.0,6.892748828232699e-05,0.0,0.0,5,1.0,0.0,0.0,1.0,0.5564363321532955,0.48,-0.26,6.892748828232699e-05,0.0,0.0,5.4
Train033,train,49,1,0,0,1,2.7821816607664775,2.4,-1.3,6.892748828232699e-05,0.0,0.0,6,1.0,0.0,0.0,1.0,0.5564363321532955,0.48,-0.26,6.892748828232699e-05,0.0,0.0,5.6
Train033,train,50,1,0,0,1,0.0,0.0,0.0,6.892748828232699e-05,0.0,0.0,6,1.0,0.0,0.0,1.0,0.5564363321532955,0.48,-0.26,6.892748828232699e-05,0.0,0.0,5.8
Train033,train,51,1,0,0,1,0.0,0.0,0.0,6.892748828232699e-05,0.0,0.0,6,1.0,0.0,0.0,1.0,0.5564363321532955,0.48,-0.26,6.892748828232699e-05,0.0,0.0,6.0
Train033,train,52,1,0,0,1,0.0,0.0,0.0,6.892748828232699e-05,0.0,0.0,6,1.0,0.0,0.0,1.0,0.5092280781216773,0.25,-0.21666666666666665,6.892748828232699e-05,0.0,0.0,6.0
Train033,train,53,1,0,0,1,0.0,0.0,0.0,6.892748828232699e-05,0.0,0.0,6,1.0,0.0,0.0,1.0,0.5092280781216773,0.25,-0.21666666666666665,6.892748828232699e-05,0.0,0.0,6.0
Train033,train,54,1,0,0,1,2.5461403906083864,1.25,-1.0833333333333333,6.892748828232699e-05,0.0,0.0,6,1.0,0.0,0.0,1.0,0.5092280781216773,0.25,-0.21666666666666665,6.892748828232699e-05,0.0,0.0,6.0
Train033,train,55,1,0,0,1,0.0,0.0,0.0,6.892748828232699e-05,0.0,0.0,6,1.0,0.0,0.0,1.0,0.5092280781216773,0.25,-0.21666666666666665,6.892748828232699e-05,0.0,0.0,6.0
Train033,train,56,1,0,0,1,0.0,0.0,0.0,6.892748828232699e-05,0.0,0.0,6,1.0,0.0,0.0,1.0,0.5092280781216773,0.25,-0.21666666666666665,6.892748828232699e-05,0.0,0.0,6.0
Train033,train,57,1,0,0,1,0.0,0.0,0.0,6.892748828232699e-05,0.0,0.0,6,1.0,0.0,0.0,1.0,0.5371076634256429,0.21666666666666665,-0.21666666666666665,6.892748828232699e-05,0.0,0.0,6.0
Train033,train,58,1,0,0,1,0.0,0.0,0.0,6.892748828232699e-05,0.0,0.0,6,1.0,0.0,0.0,1.0,0.5371076634256429,0.21666666666666665,-0.21666666666666665,6.892748828232699e-05,0.0,0.0,6.0
Train033,train,59,1,0,0,1,2.685538317128214,1.0833333333333333,-1.0833333333333333,6.892748828232699e-05,0.0,0.0,6,1.0,0.0,0.0,1.0,0.5371076634256429,0.21666666666666665,-0.21666666666666665,6.892748828232699e-05,0.0,0.0,6.0
Train033,train,60,1,0,0,1,0.0,0.0,0.0,6.892748828232699e-05,0.0,0.0,6,1.0,0.0,0.0,1.0,0.5371076634256429,0.21666666666666665,-0.21666666666666665,6.892748828232699e-05,0.0,0.0,6.0
Train033,train,61,1,0,0,1,0.0,0.0,0.0,6.892748828232699e-05,0.0,0.0,6,1.0,0.0,0.0,1.0,0.5371076634256429,0.21666666666666665,-0.21666666666666665,6.892748828232699e-05,0.0,0.0,6.0
Train033,train,62,1,0,0,1,0.0,0.0,0.0,6.892748828232699e-05,0.0,0.0,6,1.0,0.0,0.0,1.0,0.539267694679032,0.31666666666666665,-0.18333333333333332,6.892748828232699e-05,0.0,0.0,6.0
Train033,train,63,1,0,0,1,0.0,0.0,0.0,6.892748828232699e-05,0.0,0.0,6,1.0,0.0,0.0,1.0,0.539267694679032,0.31666666666666665,-0.18333333333333332,6.892748828232699e-05,0.0,0.0,6.0
Train033,train,64,1,0,0,1,2.6963384733951603,1.5833333333333333,-0.9166666666666666,6.892748828232699e-05,0.0,0.0,6,1.0,0.0,0.0,1.0,0.539267694679032,0.31666666666666665,-0.18333333333333332,6.892748828232699e-05,0.0,0.0,6.0
Train033,train,65,1,0,0,1,0.0,0.0,0.0,6.892748828232699e-05,0.0,0.0,6,1.0,0.0,0.0,1.0,0.539267694679032,0.31666666666666665,-0.18333333333333332,6.892748828232699e-05,0.0,0.0,6.0
Train033,train,66,1,0,0,1,0.0,0.0,0.0,6.892748828232699e-05,0.0,0.0,6,1.0,0.0,0.0,1.0,0.539267694679032,0.31666666666666665,-0.18333333333333332,6.892748828232699e-05,0.0,0.0,6.0
Train033,train,67,1,0,0,1,0.0,0.0,0.0,6.892748828232699e-05,0.0,0.0,6,1.0,0.0,0.0,1.0,0.5392644040633825,0.33333333333333337,-0.15,6.892748828232699e-05,0.0,0.0,6.0
Train033,train,68,1,0,0,1,0.0,0.0,0.0,6.892748828232699e-05,0.0,0.0,6,1.0,0.0,0.0,1.0,0.5392644040633825,0.33333333333333337,-0.15,6.892748828232699e-05,0.0,0.0,6.0
Train033,train,69,1,0,0,1,2.6963220203169125,1.6666666666666667,-0.75,6.892748828232699e-05,0.0,0.0,6,1.0,0.0,0.0,1.0,0.5392644040633825,0.33333333333333337,-0.15,6.892748828232699e-05,0.0,0.0,6.0
Train033,train,70,1,0,0,1,0.0,0.0,0.0,6.892748828232699e-05,0.0,0.0,6,1.0,0.0,0.0,1.0,0.5392644040633825,0.33333333333333337,-0.15,6.892748828232699e-05,0.0,0.0,6.0
Train033,train,71,1,0,0,1,0.0,0.0,0.0,6.892748828232699e-05,0.0,0.0,6,1.0,0.0,0.0,1.0,0.5392644040633825,0.33333333333333337,-0.15,6.892748828232699e-05,0.0,0.0,6.0
Train033,train,72,1,0,0,1,0.0,0.0,0.0,6.892748828232699e-05,0.0,0.0,6,0.8,0.2,0.0,1.0,0.4577484688649469,0.3,-0.2,5.5141990625861594e-05,1.3785497656465398e-05,0.0,6.0
Train033,train,73,1,0,0,1,0.0,0.0,0.0,6.892748828232699e-05,0.0,0.0,6,0.6,0.4,0.0,1.0,0.4577484688649469,0.3,-0.2,4.1356492969396195e-05,2.7570995312930797e-05,0.0,6.0
Train033,train,74,0,1,0,1,2.2887423443247346,1.5,-1.0,0.0,6.892748828232699e-05,0.0,6,0.4,0.6,0.0,1.0,0.4577484688649469,0.3,-0.2,2.7570995312930797e-05,4.1356492969396195e-05,0.0,6.0
Train033,train,75,0,1,0,1,0.0,0.0,0.0,0.0,6.892748828232699e-05,0.0,6,0.2,0.8,0.0,1.0,0.4577484688649469,0.3,-0.2,1.3785497656465398e-05,5.5141990625861594e-05,0.0,6.0
Train033,train,76,0,1,0,1,0.0,0.0,0.0,0.0,6.892748828232699e-05,0.0,6,0.0,1.0,0.0,1.0,0.4577484688649469,0.3,-0.2,0.0,6.892748828232699e-05,0.0,6.0
Train033,train,77,0,1,0,1,0.0,0.0,0.0,0.0,6.892748828232699e-05,0.0,6,0.0,1.0,0.0,1.0,0.5710560208639042,0.31666666666666665,-0.2,0.0,6.892748828232699e-05,0.0,6.0
Train033,train,78,0,1,0,1,0.0,0.0,0.0,0.0,6.892748828232699e-05,0.0,6,0.0,1.0,0.0,1.0,0.5710560208639042,0.31666666666666665,-0.2,0.0,6.892748828232699e-05,0.0,6.0
Train033,train,79,0,1,0,1,2.855280104319521,1.5833333333333333,-1.0,0.0,6.892748828232699e-05,0.0,6,0.0,1.0,0.0,1.0,0.5710560208639042,0.31666666666666665,-0.2,0.0,6.892748828232699e-05,0.0,6.0
Train033,train,80,0,1,0,1,0.0,0.0,0.0,0.0,6.892748828232699e-05,0.0,6,0.0,1.0,0.0,1.0,0.5710560208639042,0.31666666666666665,-0.2,0.0,6.892748828232699e-05,0.0,6.0
Train033,train,81,0,1,0,1,0.0,0.0,0.0,0.0,6.892748828232699e-05,0.0,6,0.0,1.0,0.0,1.0,0.5710560208639042,0.31666666666666665,-0.2,0.0,6.892748828232699e-05,0.0,6.0
Train033,train,82,0,1,0,1,0.0,0.0,0.0,0.0,6.892748828232699e-05,0.0,6,0.0,0.8,0.0,0.8,0.4662531720308933,0.3,-0.21666666666666665,0.0,5.5141990625861594e-05,0.0,6.2
Train033,train,83,0,1,0,1,0.0,0.0,0.0,0.0,6.892748828232699e-05,0.0,6,0.0,0.6,0.0,0.6,0.4662531720308933,0.3,-0.21666666666666665,0.0,4.1356492969396195e-05,0.0,6.4
Train033,train,84,0,0,0,0,2.3312658601544665,1.5,-1.0833333333333333,0.0,0.0,0.0,7,0.0,0.4,0.0,0.4,0.4662531720308933,0.3,-0.21666666666666665,0.0,2.7570995312930797e-05,0.0,6.6
Train033,train,85,0,0,0,0,0.0,0.0,0.0,0.0,0.0,0.0,7,0.0,0.2,0.0,0.2,0.4662531720308933,0.3,-0.21666666666666665,0.0,1.3785497656465398e-05,0.0,6.8
Train033,train,86,0,0,0,0,0.0,0.0,0.0,0.0,0.0,0.0,7,0.0,0.0,0.0,0.0,0.4662531720308933,0.3,-0.21666666666666665,0.0,0.0,0.0,7.0
Train033,train,87,0,0,0,0,0.0,0.0,0.0,0.0,0.0,0.0,7,0.0,0.0,0.0,0.0,0.5065788343581537,0.22857142857142856,-0.1,0.0,0.0,0.0,7.0
Train033,train,88,0,0,0,0,0.0,0.0,0.0,0.0,0.0,0.0,7,0.0,0.0,0.0,0.0,0.5065788343581537,0.22857142857142856,-0.1,0.0,0.0,0.0,7.0
Train033,train,89,0,0,0,0,2.5328941717907685,1.1428571428571428,-0.5,0.0,0.0,0.0,7,0.0,0.0,0.0,0.0,0.5065788343581537,0.22857142857142856,-0.1,0.0,0.0,0.0,7.0
Train033,train,90,0,0,0,0,0.0,0.0,0.0,0.0,0.0,0.0,7,0.0,0.0,0.0,0.0,0.5065788343581537,0.22857142857142856,-0.1,0.0,0.0,0.0,7.0
Train033,train,91,0,0,0,0,0.0,0.0,0.0,0.0,0.0,0.0,7,0.0,0.0,0.0,0.0,0.5065788343581537,0.22857142857142856,-0.1,0.0,0.0,0.0,7.0
Train033,train,92,0,0,0,0,0.0,0.0,0.0,0.0,0.0,0.0,7,0.0,0.0,0.0,0.0,0.45113431500785584,0.0,-0.11428571428571428,0.0,0.0,0.0,7.0
Train033,train,93,0,0,0,0,0.0,0.0,0.0,0.0,0.0,0.0,7,0.0,0.0,0.0,0.0,0.45113431500785584,0.0,-0.11428571428571428,0.0,0.0,0.0,7.0
Train033,train,94,0,0,0,0,2.2556715750392793,0.0,-0.5714285714285714,0.0,0.0,0.0,7,0.0,0.0,0.0,0.0,0.45113431500785584,0.0,-0.11428571428571428,0.0,0.0,0.0,7.0
Train033,train,95,0,0,0,0,0.0,0.0,0.0,0.0,0.0,0.0,7,0.0,0.0,0.0,0.0,0.45113431500785584,0.0,-0.11428571428571428,0.0,0.0,0.0,7.0
Train033,train,96,0,0,0,0,0.0,0.0,0.0,0.0,0.0,0.0,7,0.0,0.0,0.0,0.0,0.45113431500785584,0.0,-0.11428571428571428,0.0,0.0,0.0,7.0
Train033,train,97,0,0,0,0,0.0,0.0,0.0,0.0,0.0,0.0,7,0.0,0.0,0.0,0.0,0.48135043268959726,0.11428571428571428,-0.08571428571428572,0.0,0.0,0.0,7.0
Train033,train,98,0,0,0,0,0.0,0.0,0.0,0.0,0.0,0.0,7,0.0,0.0,0.0,0.0,0.48135043268959726,0.11428571428571428,-0.08571428571428572,0.0,0.0,0.0,7.0
Train033,train,99,0,0,0,0,2.4067521634479863,0.5714285714285714,-0.42857142857142855,0.0,0.0,0.0,7,0.0,0.0,0.0,0.0,0.48135043268959726,0.11428571428571428,-0.08571428571428572,0.0,0.0,0.0,7.0
Train033,train,100,0,0,0,0,0.0,0.0,0.0,0.0,0.0,0.0,7,0.0,0.0,0.0,0.0,0.48135043268959726,0.11428571428571428,-0.08571428571428572,0.0,0.0,0.0,7.0
Train033,train,101,0,0,0,0,0.0,0.0,0.0,0.0,0.0,0.0,7,0.0,0.0,0.0,0.0,0.48135043268959726,0.11428571428571428,-0.08571428571428572,0.0,0.0,0.0,7.0
Train033,train,102,0,0,0,0,0.0,0.0,0.0,0.0,0.0,0.0,7,0.0,0.0,0.0,0.0,0.5008739355708471,0.1,-0.1,0.0,0.0,0.0,7.0
Train033,train,103,0,0,0,0,0.0,0.0,0.0,0.0,0.0,0.0,7,0.0,0.0,0.0,0.0,0.5008739355708471,0.1,-0.1,0.0,0.0,0.0,7.0
Train033,train,104,0,0,0,0,2.5043696778542355,0.5,-0.5,0.0,0.0,0.0,7,0.0,0.0,0.0,0.0,0.5008739355708471,0.1,-0.1,0.0,0.0,0.0,7.0
Train033,train,105,0,0,0,0,0.0,0.0,0.0,0.0,0.0,0.0,7,0.0,0.0,0.0,0.0,0.5008739355708471,0.1,-0.1,0.0,0.0,0.0,7.0
Train033,train,106,0,0,0,0,0.0,0.0,0.0,0.0,0.0,0.0,7,0.0,0.0,0.0,0.0,0.5008739355708471,0.1,-0.1,0.0,0.0,0.0,7.0
Train033,train,107,0,0,0,0,0.0,0.0,0.0,0.0,0.0,0.0,7,0.0,0.0,0.0,0.0,0.4853885664609295,0.05,-0.1,0.0,0.0,0.0,6.8
Train033,train,108,0,0,0,0,0.0,0.0,0.0,0.0,0.0,0.0,7,0.0,0.0,0.0,0.0,0.4853885664609295,0.05,-0.1,0.0,0.0,0.0,6.6
Train033,train,109,0,0,0,0,2.4269428323046474,0.25,-0.5,0.0,0.0,0.0,6,0.0,0.0,0.0,0.0,0.4853885664609295,0.05,-0.1,0.0,0.0,0.0,6.4
Train033,train,110,0,0,0,0,0.0,0.0,0.0,0.0,0.0,0.0,6,0.0,0.0,0.0,0.0,0.4853885664609295,0.05,-0.1,0.0,0.0,0.0,6.2
Train033,train,111,0,0,0,0,0.0,0.0,0.0,0.0,0.0,0.0,6,0.0,0.0,0.0,0.0,0.4853885664609295,0.05,-0.1,0.0,0.0,0.0,6.0
Train033,train,112,0,0,0,0,0.0,0.0,0.0,0.0,0.0,0.0,6,0.0,0.0,0.0,0.0,0.5378488146626095,0.08,-0.08,0.0,0.0,0.0,6.0
Train033,train,113,0,0,0,0,0.0,0.0,0.0,0.0,0.0,0.0,6,0.0,0.0,0.0,0.0,0.5378488146626095,0.08,-0.08,0.0,0.0,0.0,6.0
Train033,train,114,0,0,0,0,2.6892440733130476,0.4,-0.4,0.0,0.0,0.0,6,0.0,0.0,0.0,0.0,0.5378488146626095,0.08,-0.08,0.0,0.0,0.0,6.0
Train033,train,115,0,0,0,0,0.0,0.0,0.0,0.0,0.0,0.0,6,0.0,0.0,0.0,0.0,0.5378488146626095,0.08,-0.08,0.0,0.0,0.0,6.0
Train033,train,116,0,0,0,0,0.0,0.0,0.0,0.0,0.0,0.0,6,0.0,0.0,0.0,0.0,0.5378488146626095,0.08,-0.08,0.0,0.0,0.0,6.0
Train033,train,117,0,0,0,0,0.0,0.0,0.0,0.0,0.0,0.0,6,0.0,0.0,0.0,0.0,0.543490419494765,-0.025,-0.05,0.0,0.0,0.0,5.6
Train033,train,118,0,0,0,0,0.0,0.0,0.0,0.0,0.0,0.0,6,0.0,0.0,0.0,0.0,0.543490419494765,-0.025,-0.05,0.0,0.0,0.0,5.2
Train033,train,119,0,0,0,0,2.7174520974738248,-0.125,-0.25,0.0,0.0,0.0,4,0.0,0.0,0.0,0.0,0.543490419494765,-0.025,-0.05,0.0,0.0,0.0,4.8
Train033,train,120,0,0,0,0,0.0,0.0,0.0,0.0,0.0,0.0,4,0.0,0.0,0.0,0.0,0.543490419494765,-0.025,-0.05,0.0,0.0,0.0,4.4
Train033,train,121,0,0,0,0,0.0,0.0,0.0,0.0,0.0,0.0,4,0.0,0.0,0.0,0.0,0.543490419494765,-0.025,-0.05,0.0,0.0,0.0,4.0
Train033,train,122,0,0,0,0,0.0,0.0,0.0,0.0,0.0,0.0,4,0.0,0.0,0.0,0.0,0.7190951003107686,0.1,0.025,0.0,0.0,0.0,4.0
Train033,train,123,0,0,0,0,0.0,0.0,0.0,0.0,0.0,0.0,4,0.0,0.0,0.0,0.0,0.7190951003107686,0.1,0.025,0.0,0.0,0.0,4.0
Train033,train,124,0,0,0,0,3.5954755015538433,0.5,0.125,0.0,0.0,0.0,4,0.0,0.0,0.0,0.0,0.7190951003107686,0.1,0.025,0.0,0.0,0.0,4.0
Train033,train,125,0,0,0,0,0.0,0.0,0.0,0.0,0.0,0.0,4,0.0,0.0,0.0,0.0,0.7190951003107686,0.1,0.025,0.0,0.0,0.0,4.0
Train033,train,126,0,0,0,0,0.0,0.0,0.0,0.0,0.0,0.0,4,0.0,0.0,0.0,0.0,0.7190951003107686,0.1,0.025,0.0,0.0,0.0,4.0
Train033,train,127,0,0,0,0,0.0,0.0,0.0,0.0,0.0,0.0,4,0.0,0.0,0.0,0.0,0.44620479906458177,-0.025,0.0,0.0,0.0,0.0,4.0
Train033,train,128,0,0,0,0,0.0,0.0,0.0,0.0,0.0,0.0,4,0.0,0.0,0.0,0.0,0.44620479906458177,-0.025,0.0,0.0,0.0,0.0,4.0
Train033,train,129,0,0,0,0,2.231023995322909,-0.125,0.0,0.0,0.0,0.0,4,0.0,0.0,0.0,0.0,0.44620479906458177,-0.025,0.0,0.0,0.0,0.0,4.0
Train033,train,130,0,0,0,0,0.0,0.0,0.0,0.0,0.0,0.0,4,0.0,0.0,0.0,0.0,0.44620479906458177,-0.025,0.0,0.0,0.0,0.0,4.0
Train033,train,131,0,0,0,0,0.0,0.0,0.0,0.0,0.0,0.0,4,0.0,0.0,0.0,0.0,0.44620479906458177,-0.025,0.0,0.0,0.0,0.0,4.0
Train033,train,132,0,0,0,0,0.0,0.0,0.0,0.0,0.0,0.0,4,0.0,0.0,0.0,0.0,0.5970414446050307,-0.025,-0.025,0.0,0.0,0.0,4.0
Train033,train,133,0,0,0,0,0.0,0.0,0.0,0.0,0.0,0.0,4,0.0,0.0,0.0,0.0,0.5970414446050307,-0.025,-0.025,0.0,0.0,0.0,4.0
Train033,train,134,0,0,0,0,2.9852072230251534,-0.125,-0.125,0.0,0.0,0.0,4,0.0,0.0,0.0,0.0,0.5970414446050307,-0.025,-0.025,0.0,0.0,0.0,4.0
Train033,train,135,0,0,0,0,0.0,0.0,0.0,0.0,0.0,0.0,4,0.0,0.0,0.0,0.0,0.5970414446050307,-0.025,-0.025,0.0,0.0,0.0,4.0
Train033,train,136,0,0,0,0,0.0,0.0,0.0,0.0,0.0,0.0,4,0.0,0.0,0.0,0.0,0.5970414446050307,-0.025,-0.025,0.0,0.0,0.0,4.0
Train033,train,137,0,0,0,0,0.0,0.0,0.0,0.0,0.0,0.0,4,0.0,0.0,0.0,0.0,0.5385134817015411,-0.025,0.05,0.0,0.0,0.0,4.0
Train033,train,138,0,0,0,0,0.0,0.0,0.0,0.0,0.0,0.0,4,0.0,0.0,0.0,0.0,0.5385134817015411,-0.025,0.05,0.0,0.0,0.0,4.0
Train033,train,139,0,0,0,0,2.6925674085077054,-0.125,0.25,0.0,0.0,0.0,4,0.0,0.0,0.0,0.0,0.5385134817015411,-0.025,0.05,0.0,0.0,0.0,4.0
Train033,train,140,0,0,0,0,0.0,0.0,0.0,0.0,0.0,0.0,4,0.0,0.0,0.0,0.0,0.5385134817015411,-0.025,0.05,0.0,0.0,0.0,4.0
Train033,train,141,0,0,0,0,0.0,0.0,0.0,0.0,0.0,0.0,4,0.0,0.0,0.0,0.0,0.5385134817015411,-0.025,0.05,0.0,0.0,0.0,4.0
Train033,train,142,0,0,0,0,0.0,0.0,0.0,0.0,0.0,0.0,4,0.0,0.0,0.0,0.0,0.7201864940242748,-0.1,0.05,0.0,0.0,0.0,4.0
Train033,train,143,0,0,0,0,0.0,0.0,0.0,0.0,0.0,0.0,4,0.0,0.0,0.0,0.0,0.7201864940242748,-0.1,0.05,0.0,0.0,0.0,4.0
Train033,train,144,0,0,0,0,3.600932470121374,-0.5,0.25,0.0,0.0,0.0,4,0.0,0.0,0.0,0.0,0.7201864940242748,-0.1,0.05,0.0,0.0,0.0,4.0
Train033,train,145,0,0,0,0,0.0,0.0,0.0,0.0,0.0,0.0,4,0.0,0.0,0.0,0.0,0.7201864940242748,-0.1,0.05,0.0,0.0,0.0,4.0
Train033,train,146,0,0,0,0,0.0,0.0,0.0,0.0,0.0,0.0,4,0.0,0.0,0.0,0.0,0.7201864940242748,-0.1,0.05,0.0,0.0,0.0,4.0
Train033,train,147,0,0,0,0,0.0,0.0,0.0,0.0,0.0,0.0,4,0.0,0.0,0.0,0.0,0.6519599362153915,0.025,0.05,0.0,0.0,0.0,4.2
Train033,train,148,0,0,0,0,0.0,0.0,0.0,0.0,0.0,0.0,4,0.0,0.0,0.0,0.0,0.6519599362153915,0.025,0.05,0.0,0.0,0.0,4.4
Train033,train,149,0,0,0,0,3.2597996810769576,0.125,0.25,0.0,0.0,0.0,5,0.0,0.0,0.0,0.0,0.6519599362153915,0.025,0.05,0.0,0.0,0.0,4.6
Train033,train,150,0,0,0,0,0.0,0.0,0.0,0.0,0.0,0.0,5,0.0,0.0,0.0,0.0,0.6519599362153915,0.025,0.05,0.0,0.0,0.0,4.8
Train033,train,151,0,0,0,0,0.0,0.0,0.0,0.0,0.0,0.0,5,0.0,0.0,0.0,0.0,0.6519599362153915,0.025,0.05,0.0,0.0,0.0,5.0
Train033,train,152,0,0,0,0,0.0,0.0,0.0,0.0,0.0,0.0,5,0.0,0.0,0.0,0.0,0.5527652763864304,-0.2256953381770519,0.034278135270820756,0.0,0.0,0.0,5.0
Train033,train,153,0,0,0,0,0.0,0.0,0.0,0.0,0.0,0.0,5,0.0,0.0,0.0,0.0,0.5527652763864304,-0.2256953381770519,0.034278135270820756,0.0,0.0,0.0,5.0
Train033,train,154,0,0,0,0,2.763826381932152,-1.1284766908852595,0.17139067635410377,0.0,0.0,0.0,5,0.0,0.0,0.0,0.0,0.5527652763864304,-0.2256953381770519,0.034278135270820756,0.0,0.0,0.0,5.0
Train033,train,155,0,0,0,0,0.0,0.0,0.0,0.0,0.0,0.0,5,0.0,0.0,0.0,0.0,0.5527652763864304,-0.2256953381770519,0.034278135270820756,0.0,0.0,0.0,5.0
Train033,train,156,0,0,0,0,0.0,0.0,0.0,0.0,0.0,0.0,5,0.0,0.0,0.0,0.0,0.5527652763864304,-0.2256953381770519,0.034278135270820756,0.0,0.0,0.0,5.0
Train033,train,157,0,0,0,0,0.0,0.0,0.0,0.0,0.0,0.0,5,0.0,0.0,0.0,0.0,0.6040428537086726,-0.2,0.06,0.0,0.0,0.0,5.0
Train033,train,158,0,0,0,0,0.0,0.0,0.0,0.0,0.0,0.0,5,0.0,0.0,0.0,0.0,0.6040428537086726,-0.2,0.06,0.0,0.0,0.0,5.0
Train033,train,159,0,0,0,0,3.0202142685433633,-1.0,0.3,0.0,0.0,0.0,5,0.0,0.0,0.0,0.0,0.6040428537086726,-0.2,0.06,0.0,0.0,0.0,5.0
Train033,train,160,0,0,0,0,0.0,0.0,0.0,0.0,0.0,0.0,5,0.0,0.0,0.0,0.0,0.6040428537086726,-0.2,0.06,0.0,0.0,0.0,5.0
Train033,train,161,0,0,0,0,0.0,0.0,0.0,0.0,0.0,0.0,5,0.0,0.0,0.0,0.0,0.6040428537086726,-0.2,0.06,0.0,0.0,0.0,5.0
Train033,train,162,0,0,0,0,0.0,0.0,0.0,0.0,0.0,0.0,5,0.0,0.0,0.0,0.0,0.517194909427541,-0.18,0.13999999999999999,0.0,0.0,0.0,5.0
Train033,train,163,0,0,0,0,0.0,0.0,0.0,0.0,0.0,0.0,5,0.0,0.0,0.0,0.0,0.517194909427541,-0.18,0.13999999999999999,0.0,0.0,0.0,5.0
Train033,train,164,0,0,0,0,2.585974547137705,-0.9,0.7,0.0,0.0,0.0,5,0.0,0.0,0.0,0.0,0.517194909427541,-0.18,0.13999999999999999,0.0,0.0,0.0,5.0
Train033,train,165,0,0,0,0,0.0,0.0,0.0,0.0,0.0,0.0,5,0.0,0.0,0.0,0.0,0.517194909427541,-0.18,0.13999999999999999,0.0,0.0,0.0,5.0
Train033,train,166,0,0,0,0,0.0,0.0,0.0,0.0,0.0,0.0,5,0.0,0.0,0.0,0.0,0.517194909427541,-0.18,0.13999999999999999,0.0,0.0,0.0,5.0
Train033,train,167,0,0,0,0,0.0,0.0,0.0,0.0,0.0,0.0,5,0.0,0.2,0.0,0.2,0.4678288487685386,-0.06,0.06,0.0,1.3785497656465398e-05,0.0,5.2
Train033,train,168,0,0,0,0,0.0,0.0,0.0,0.0,0.0,0.0,5,0.0,0.4,0.0,0.4,0.4678288487685386,-0.06,0.06,0.0,2.7570995312930797e-05,0.0,5.4
Train033,train,169,0,1,0,1,2.339144243842693,-0.3,0.3,0.0,6.892748828232699e-05,0.0,6,0.0,0.6,0.0,0.6,0.4678288487685386,-0.06,0.06,0.0,4.1356492969396195e-05,0.0,5.6
Train033,train,170,0,1,0,1,0.0,0.0,0.0,0.0,6.892748828232699e-05,0.0,6,0.0,0.8,0.0,0.8,0.4678288487685386,-0.06,0.06,0.0,5.5141990625861594e-05,0.0,5.8
Train033,train,171,0,1,0,1,0.0,0.0,0.0,0.0,6.892748828232699e-05,0.0,6,0.0,1.0,0.0,1.0,0.4678288487685386,-0.06,0.06,0.0,6.892748828232699e-05,0.0,6.0
Train033,train,172,0,1,0,1,0.0,0.0,0.0,0.0,6.892748828232699e-05,0.0,6,0.0,0.8,0.0,0.8,0.5627917090630044,-0.125,0.1,0.0,5.5141990625861594e-05,0.0,5.6
Train033,train,173,0,1,0,1,0.0,0.0,0.0,0.0,6.892748828232699e-05,0.0,6,0.0,0.6,0.0,0.6,0.5627917090630044,-0.125,0.1,0.0,4.1356492969396195e-05,0.0,5.2
Train033,train,174,0,0,0,0,2.8139585453150215,-0.625,0.5,0.0,0.0,0.0,4,0.0,0.4,0.0,0.4,0.5627917090630044,-0.125,0.1,0.0,2.7570995312930797e-05,0.0,4.8
Train033,train,175,0,0,0,0,0.0,0.0,0.0,0.0,0.0,0.0,4,0.0,0.2,0.0,0.2,0.5627917090630044,-0.125,0.1,0.0,1.3785497656465398e-05,0.0,4.4
Train033,train,176,0,0,0,0,0.0,0.0,0.0,0.0,0.0,0.0,4,0.0,0.0,0.0,0.0,0.5627917090630044,-0.125,0.1,0.0,0.0,0.0,4.0
Train033,train,177,0,0,0,0,0.0,0.0,0.0,0.0,0.0,0.0,4,0.2,0.0,0.0,0.2,0.6444430069102636,-0.1,0.025,1.3785497656465398e-05,0.0,0.0,4.4
Train033,train,178,0,0,0,0,0.0,0.0,0.0,0.0,0.0,0.0,4,0.4,0.0,0.0,0.4,0.6444430069102636,-0.1,0.025,2.7570995312930797e-05,0.0,0.0,4.8
Train033,train,179,1,0,0,1,3.2222150345513176,-0.5,0.125,6.892748828232699e-05,0.0,0.0,6,0.6,0.0,0.0,0.6,0.6444430069102636,-0.1,0.025,4.1356492969396195e-05,0.0,0.0,5.2
Train033,train,180,1,0,0,1,0.0,0.0,0.0,6.892748828232699e-05,0.0,0.0,6,0.8,0.0,0.0,0.8,0.6444430069102636,-0.1,0.025,5.5141990625861594e-05,0.0,0.0,5.6
Train033,train,181,1,0,0,1,0.0,0.0,0.0,6.892748828232699e-05,0.0,0.0,6,1.0,0.0,0.0,1.0,0.6444430069102636,-0.1,0.025,6.892748828232699e-05,0.0,0.0,6.0
Train033,train,182,1,0,0,1,0.0,0.0,0.0,6.892748828232699e-05,0.0,0.0,6,1.2,0.0,0.0,1.2,0.5535387363224115,-0.27999999999999997,0.12,8.271298593879239e-05,0.0,0.0,5.8
Train033,train,183,1,0,0,1,0.0,0.0,0.0,6.892748828232699e-05,0.0,0.0,6,1.4,0.0,0.0,1.4,0.5535387363224115,-0.27999999999999997,0.12,9.649848359525779e-05,0.0,0.0,5.6
Train033,train,184,2,0,0,2,2.7676936816120574,-1.4,0.6,0.00013785497656465398,0.0,0.0,5,1.6,0.0,0.0,1.6,0.5535387363224115,-0.27999999999999997,0.12,0.00011028398125172319,0.0,0.0,5.4
Train033,train,185,2,0,0,2,0.0,0.0,0.0,0.00013785497656465398,0.0,0.0,5,1.8,0.0,0.0,1.8,0.5535387363224115,-0.27999999999999997,0.12,0.00012406947890818859,0.0,0.0,5.2
Train033,train,186,2,0,0,2,0.0,0.0,0.0,0.00013785497656465398,0.0,0.0,5,2.0,0.0,0.0,2.0,0.5535387363224115,-0.27999999999999997,0.12,0.00013785497656465398,0.0,0.0,5.0
Train033,train,187,2,0,0,2,0.0,0.0,0.0,0.00013785497656465398,0.0,0.0,5,2.0,0.0,0.0,2.0,0.5550198214020308,-0.28211917272131487,-0.007152330911474059,0.00013785497656465398,0.0,0.0,4.8
Train033,train,188,2,0,0,2,0.0,0.0,0.0,0.00013785497656465398,0.0,0.0,5,2.0,0.0,0.0,2.0,0.5550198214020308,-0.28211917272131487,-0.007152330911474059,0.00013785497656465398,0.0,0.0,4.6
Train033,train,189,2,0,0,2,2.7750991070101536,-1.4105958636065743,-0.03576165455737029,0.00013785497656465398,0.0,0.0,4,2.0,0.0,0.0,2.0,0.5550198214020308,-0.28211917272131487,-0.007152330911474059,0.00013785497656465398,0.0,0.0,4.4
Train033,train,190,2,0,0,2,0.0,0.0,0.0,0.00013785497656465398,0.0,0.0,4,2.0,0.0,0.0,2.0,0.5550198214020308,-0.28211917272131487,-0.007152330911474059,0.00013785497656465398,0.0,0.0,4.2
Train033,train,191,2,0,0,2,0.0,0.0,0.0,0.00013785497656465398,0.0,0.0,4,2.0,0.0,0.0,2.0,0.5550198214020308,-0.28211917272131487,-0.007152330911474059,0.00013785497656465398,0.0,0.0,4.0
Train033,train,192,2,0,0,2,0.0,0.0,0.0,0.00013785497656465398,0.0,0.0,4,2.0,0.0,0.0,2.0,0.4846988804305874,-0.1,-0.03333333333333333,0.00013785497656465398,0.0,0.0,4.0
Train033,train,193,2,0,0,2,0.0,0.0,0.0,0.00013785497656465398,0.0,0.0,4,2.0,0.0,0.0,2.0,0.4846988804305874,-0.1,-0.03333333333333333,0.00013785497656465398,0.0,0.0,4.0
Train033,train,194,2,0,0,2,2.423494402152937,-0.5,-0.16666666666666666,0.00013785497656465398,0.0,0.0,4,2.0,0.0,0.0,2.0,0.4846988804305874,-0.1,-0.03333333333333333,0.00013785497656465398,0.0,0.0,4.0
Train033,train,195,2,0,0,2,0.0,0.0,0.0,0.00013785497656465398,0.0,0.0,4,2.0,0.0,0.0,2.0,0.4846988804305874,-0.1,-0.03333333333333333,0.00013785497656465398,0.0,0.0,4.0
Train033,train,196,2,0,0,2,0.0,0.0,0.0,0.00013785497656465398,0.0,0.0,4,2.0,0.0,0.0,2.0,0.4846988804305874,-0.1,-0.03333333333333333,0.00013785497656465398,0.0,0.0,4.0
Train033,train,197,2,0,0,2,0.0,0.0,0.0,0.00013785497656465398,0.0,0.0,4,2.0,0.0,0.0,2.0,0.5912967232217609,-0.41947389322859613,0.1447130326701433,0.00013785497656465398,0.0,0.0,4.2
Train033,train,198,2,0,0,2,0.0,0.0,0.0,0.00013785497656465398,0.0,0.0,4,2.0,0.0,0.0,2.0,0.7391209040272011,-0.5243423665357452,0.18089129083767913,0.00013785497656465398,0.0,0.0,4.25
Train033,train,199,2,0,0,2,2.9564836161088044,-2.0973694661429807,0.7235651633507165,0.00013785497656465398,0.0,0.0,5,2.0,0.0,0.0,2.0,0.9854945387029348,-0.6991231553809936,0.24118838778357218,0.00013785497656465398,0.0,0.0,4.333333333333333
