frame_idx,red_pixel_count,flagged
0,0,False
1,0,False
2,0,False
3,0,False
4,0,False
5,0,False
6,0,False
7,0,False
8,0,False
9,0,False
10,0,False
11,0,False
12,0,False
13,0,False
14,0,False
15,0,False
16,0,False
17,0,False
18,0,False
19,0,False
20,0,False
21,0,False
22,0,False
23,0,False
24,0,False
25,0,False
26,0,False
27,0,False
28,0,False
29,0,False
30,0,False
31,0,False
32,0,False
33,0,False
34,0,False
35,0,False
36,0,False
37,0,False
38,0,False
39,0,False
40,0,False
41,0,False
42,0,False
43,0,False
44,0,False
45,0,False
46,0,False
47,0,False
48,0,False
49,0,False
50,0,False
51,0,False
52,0,False
53,0,False
54,0,False
55,0,False
56,0,False
57,0,False
58,0,False
59,0,False
60,0,False
61,0,False
62,0,False
63,0,False
64,0,False
65,0,False
66,0,False
67,0,False
68,0,False
69,0,False
70,0,False
71,0,False
72,0,False
73,0,False
74,0,False
75,0,False
76,0,False
77,0,False
78,0,False
79,0,False
80,0,False
81,0,False
82,0,False
83,0,False
84,0,False
85,0,False
86,0,False
87,0,False
88,0,False
89,0,False
90,0,False
91,0,False
92,0,False
93,0,False
94,0,False
95,0,False
96,0,False
97,0,False
98,0,False
99,0,False
100,0,False
101,0,False
102,0,False
103,0,False
104,0,False
105,0,False
106,0,False
107,0,False
108,0,False
109,0,False
110,0,False
111,0,False
112,0,False
113,0,False
114,0,False
115,0,False
116,0,False
117,0,False
118,0,False
119,0,False
120,0,False
121,0,False
122,0,False
123,0,False
124,0,False
125,0,False
126,0,False
127,0,False
128,0,False
129,0,False
130,0,False
131,0,False
132,0,False
133,0,False
134,0,False
135,0,False
136,0,False
137,0,False
138,0,False
139,0,False
140,0,False
141,0,False
142,0,False
143,0,False
144,0,False
145,0,False
146,0,False
147,0,False
148,0,False
149,0,False
150,0,False
151,0,False
152,0,False
153,0,False
154,0,False
155,0,False
156,0,False
157,0,False
158,0,False
159,0,False
160,0,False
161,0,False
162,0,False
163,0,False
164,0,False
165,0,False
166,0,False
167,0,False
168,0,False
169,0,False
170,0,False
171,0,False
172,0,False
173,0,False
174,0,False
175,0,False
176,0,False
177,0,False
178,0,False
179,0,False
180,0,False
181,0,False
182,0,False
183,0,False
184,0,False
185,0,False
186,0,False
187,0,False
188,0,False
189,0,False
190,0,False
191,0,False
192,0,False
193,0,False
194,0,False
195,0,False
196,0,False
197,0,False
198,0,False
199,0,False
200,0,False
201,0,False
202,0,False
203,0,False
204,0,False
205,0,False
206,0,False
207,0,False
208,0,False
209,0,False
210,0,False
211,0,False
212,0,False
213,0,False
214,0,False
215,0,False
216,0,False
217,0,False
218,0,False
219,0,False
220,0,False
221,0,False
222,0,False
223,0,False
224,0,False
225,0,False
226,0,False
227,0,False
228,0,False
229,0,False
230,0,False
231,0,False
232,0,False
233,0,False
234,0,False
235,0,False
236,0,False
237,0,False
238,0,False
239,0,False
240,0,False
241,0,False
242,0,False
243,0,False
244,0,False
245,0,False
246,0,False
247,0,False
248,0,False
249,0,False
250,0,False
251,0,False
252,0,False
253,0,False
254,0,False
255,0,False
256,0,False
257,0,False
258,0,False
259,0,False
260,0,False
261,0,False
262,0,False
263,0,False
264,0,False
265,0,False
266,0,False
267,0,False
268,0,False
269,0,False
270,0,False
271,0,False
272,0,False
273,0,False
274,0,False
275,0,False
276,0,False
277,0,False
278,0,False
279,0,False
280,0,False
281,0,False
282,0,False
283,0,False
284,0,False
285,0,False
286,0,False
287,0,False
288,0,False
289,0,False
290,0,False
291,0,False
292,0,False
293,0,False
294,0,False
295,0,False
296,0,False
297,0,False
298,0,False
299,0,False
300,0,False
301,0,False
302,0,False
303,0,False
304,0,False
305,0,False
306,0,False
307,0,False
308,0,False
309,0,False
310,0,False
311,0,False
312,0,False
313,0,False
314,0,False
315,0,False
316,0,False
317,0,False
318,0,False
319,0,False
320,0,False
321,0,False
322,0,False
323,0,False
324,0,False
325,0,False
326,0,False
327,0,False
328,0,False
329,0,False
330,0,False
331,0,False
332,0,False
333,0,False
334,0,False
335,0,False
336,0,False
337,0,False
338,0,False
339,0,False
340,0,False
341,0,False
342,0,False
343,0,False
344,0,False
345,0,False
346,0,False
347,0,False
348,0,False
349,0,False
350,0,False
351,0,False
352,0,False
353,312,True
354,311,True
355,314,True
356,313,True
357,313,True
358,313,True
359,311,True
360,314,True
361,312,True
362,314,True
363,314,True
364,313,True
365,315,True
366,313,True
367,312,True
368,311,True
369,311,True
370,311,True
371,311,True
372,311,True
373,312,True
374,316,True
375,315,True
376,315,True
377,314,True
378,313,True
379,312,True
380,310,True
381,314,True
382,313,True
383,311,True
384,311,True
385,311,True
386,309,True
387,314,True
388,311,True
389,310,True
390,310,True
391,308,True
392,310,True
393,311,True
394,312,True
395,311,True
396,308,True
397,310,True
398,314,True
399,310,True
400,309,True
401,312,True
402,311,True
403,315,True
404,313,True
405,312,True
406,308,True
407,312,True
408,312,True
409,311,True
410,312,True
411,313,True
412,314,True
413,313,True
414,311,True
415,310,True
416,309,True
417,310,True
418,312,True
419,310,True
420,313,True
421,310,True
422,312,True
423,314,True
424,311,True
425,313,True
426,311,True
427,311,True
428,311,True
429,313,True
430,311,True
431,311,True
432,311,True
433,313,True
434,311,True
435,312,True
436,312,True
437,311,True
438,312,True
439,309,True
440,310,True
441,311,True
442,309,True
443,309,True
444,309,True
445,311,True
446,311,True
447,310,True
448,309,True
449,311,True
450,310,True
451,308,True
452,310,True
453,310,True
454,311,True
455,311,True
456,307,True
457,310,True
458,310,True
459,311,True
460,311,True
461,309,True
462,310,True
463,308,True
464,309,True
465,309,True
466,309,True
467,306,True
468,312,True
469,308,True
470,307,True
471,307,True
472,307,True
473,310,True
474,309,True
475,312,True
476,310,True
477,307,True
478,311,True
479,308,True
480,309,True
481,309,True
482,309,True
483,310,True
484,313,True
485,312,True
486,312,True
487,313,True
488,311,True
489,312,True
490,313,True
491,312,True
492,312,True
493,311,True
494,311,True
495,309,True
496,312,True
497,312,True
498,312,True
499,312,True
500,312,True
501,313,True
502,311,True
503,312,True
504,312,True
505,311,True
506,316,True
507,315,True
508,315,True
509,315,True
510,313,True
511,314,True
512,313,True
513,313,True
514,312,True
515,313,True
516,312,True
517,314,True
518,310,True
519,312,True
520,312,True
521,312,True
522,313,True
523,314,True
524,313,True
525,314,True
526,314,True
527,313,True
528,315,True
529,313,True
530,313,True
531,311,True
532,310,True
533,0,False
534,0,False
535,0,False
536,0,False
537,0,False
538,0,False
539,0,False
540,0,False
541,0,False
542,0,False
543,0,False
544,0,False
545,0,False
546,0,False
547,0,False
548,0,False
549,0,False
550,0,False
551,0,False
552,0,False
553,0,False
554,0,False
555,0,False
556,0,False
557,0,False
558,0,False
559,0,False
560,0,False
561,0,False
562,0,False
563,0,False
564,0,False
565,0,False
566,0,False
567,0,False
568,0,False
569,0,False
570,0,False
571,0,False
572,0,False
573,0,False
574,0,False
575,0,False
576,0,False
577,0,False
578,0,False
579,0,False
580,0,False
581,0,False
582,0,False
583,0,False
584,0,False
585,0,False
586,0,False
587,0,False
588,0,False
589,0,False
590,0,False
591,0,False
592,0,False
593,0,False
594,0,False
595,0,False
596,0,False
597,0,False
598,0,False
599,0,False
600,0,False
601,0,False
602,0,False
603,0,False
604,0,False
605,0,False
606,0,False
607,0,False
608,0,False
609,0,False
610,0,False
611,0,False
612,0,False
613,0,False
614,0,False
615,0,False
616,0,False
617,0,False
618,0,False
619,0,False
620,0,False
621,0,False
622,0,False
623,0,False
624,0,False
625,0,False
626,0,False
627,0,False
628,0,False
629,0,False
630,0,False
631,0,False
632,0,False
633,0,False
634,0,False
635,0,False
636,0,False
637,0,False
638,0,False
639,0,False
640,0,False
641,0,False
642,0,False
643,0,False
644,0,False
645,0,False
646,0,False
647,0,False
648,0,False
649,0,False
650,0,False
651,0,False
652,0,False
653,0,False
654,0,False
655,0,False
656,0,False
657,0,False
658,0,False
659,0,False
660,0,False
661,0,False
662,0,False
663,0,False
664,0,False
665,0,False
666,0,False
667,0,False
668,0,False
669,0,False
670,0,False
671,0,False
672,0,False
673,0,False
674,0,False
675,0,False
676,0,False
677,0,False
678,0,False
679,0,False
680,0,False
681,0,False
682,0,False
683,0,False
684,0,False
685,0,False
686,0,False
687,0,False
688,0,False
689,0,False
690,0,False
691,0,False
692,0,False
693,0,False
694,0,False
695,0,False
696,0,False
697,0,False
698,0,False
699,0,False
700,0,False
701,0,False
702,0,False
703,0,False
704,0,False
705,0,False
706,0,False
707,0,False
708,0,False
709,0,False
710,0,False
711,0,False
712,0,False
713,0,False
714,0,False
715,0,False
716,0,False
717,0,False
718,0,False
719,0,False
720,0,False
721,0,False
722,0,False
723,0,False
724,0,False
725,0,False
726,0,False
727,0,False
728,0,False
729,0,False
730,0,False
731,0,False
732,0,False
733,0,False
734,0,False
735,0,False
736,0,False
737,0,False
738,0,False
739,0,False
740,0,False
741,0,False
742,0,False
743,0,False
744,0,False
745,0,False
746,0,False
747,0,False
748,0,False
749,0,False
750,0,False
751,0,False
752,0,False
753,0,False
754,0,False
755,0,False
756,0,False
757,0,False
758,0,False
759,0,False
760,0,False
761,0,False
762,0,False
763,0,False
764,0,False
765,0,False
766,0,False
767,0,False
768,0,False
769,0,False
770,0,False
771,0,False
772,0,False
773,0,False
774,0,False
775,0,False
776,0,False
777,0,False
778,0,False
779,0,False
780,0,False
781,0,False
782,0,False
783,0,False
784,0,False
785,0,False
786,0,False
787,0,False
788,0,False
789,0,False
790,0,False
791,0,False
792,0,False
793,0,False
794,0,False
795,0,False
796,0,False
797,0,False
798,0,False
799,0,False
800,0,False
801,0,False
802,0,False
803,0,False
804,0,False
805,0,False
806,0,False
807,0,False
808,0,False
809,0,False
810,0,False
811,0,False
812,0,False
813,0,False
814,0,False
815,0,False
816,0,False
817,0,False
818,0,False
819,0,False
820,0,False
821,0,False
822,0,False
823,0,False
824,0,False
825,0,False
826,0,False
827,0,False
828,0,False
829,0,False
830,0,False
831,0,False
832,0,False
833,0,False
834,0,False
835,0,False
836,0,False
837,0,False
838,0,False
839,0,False
840,0,False
841,0,False
842,0,False
843,0,False
844,0,False
845,0,False
846,0,False
847,0,False
848,0,False
849,0,False
850,0,False
851,0,False
852,0,False
853,0,False
854,0,False
855,0,False
856,0,False
857,0,False
858,0,False
859,0,False
860,0,False
861,0,False
862,0,False
863,0,False
864,0,False
865,0,False
866,0,False
867,0,False
868,0,False
869,0,False
870,0,False
871,0,False
872,0,False
873,0,False
874,0,False
875,0,False
876,0,False
877,0,False
878,0,False
879,0,False
880,0,False
881,0,False
882,0,False
883,0,False
884,0,False
885,0,False
886,0,False
887,0,False
888,0,False
889,0,False
890,0,False
891,0,False
892,0,False
893,0,False
894,0,False
895,0,False
896,0,False
897,0,False
898,0,False
899,0,False
900,0,False
901,0,False
902,0,False
903,0,False
904,0,False
905,0,False
906,0,False
907,0,False
908,0,False
909,0,False
910,0,False
911,0,False
912,0,False
913,0,False
914,0,False
915,0,False
916,0,False
917,0,False
918,0,False
919,0,False
920,0,False
921,0,False
922,0,False
923,0,False
924,0,False
925,0,False
926,0,False
927,0,False
928,0,False
929,0,False
930,0,False
931,0,False
932,0,False
933,0,False
934,0,False
935,0,False
936,0,False
937,0,False
938,0,False
939,0,False
940,0,False
941,0,False
942,0,False
943,0,False
944,0,False
945,0,False
946,0,False
947,0,False
948,0,False
949,0,False
950,0,False
951,0,False
952,0,False
953,0,False
954,0,False
955,0,False
956,0,False
957,0,False
958,0,False
959,0,False
960,0,False
961,0,False
962,0,False
963,0,False
964,0,False
965,0,False
966,0,False
967,0,False
968,0,False
969,0,False
970,0,False
971,0,False
972,0,False
973,0,False
974,0,False
975,0,False
976,0,False
977,0,False
978,0,False
979,0,False
980,0,False
981,0,False
982,0,False
983,0,False
984,0,False
985,0,False
986,0,False
987,0,False
988,0,False
989,0,False
990,0,False
991,0,False
992,0,False
993,0,False
994,0,False
995,0,False
996,0,False
997,0,False
998,0,False
999,0,False
1000,0,False
1001,0,False
1002,0,False
1003,0,False
1004,0,False
1005,0,False
1006,0,False
1007,0,False
1008,0,False
1009,0,False
1010,0,False
1011,0,False
1012,0,False
1013,0,False
1014,0,False
1015,0,False
1016,0,False
1017,0,False
1018,0,False
1019,0,False
1020,0,False
1021,0,False
1022,0,False
1023,0,False
1024,0,False
1025,0,False
1026,0,False
1027,0,False
1028,0,False
1029,0,False
1030,0,False
1031,0,False
1032,0,False
1033,0,False
1034,0,False
1035,0,False
1036,0,False
1037,0,False
1038,0,False
1039,0,False
1040,0,False
1041,0,False
1042,0,False
1043,0,False
1044,0,False
1045,0,False
1046,0,False
1047,0,False
1048,0,False
1049,0,False
1050,0,False
1051,0,False
1052,0,False
1053,0,False
1054,0,False
1055,0,False
1056,0,False
1057,0,False
1058,0,False
1059,0,False
1060,0,False
1061,0,False
1062,0,False
1063,0,False
1064,0,False
1065,0,False
1066,0,False
1067,0,False
1068,0,False
1069,0,False
1070,0,False
1071,0,False
1072,0,False
1073,0,False
1074,0,False
1075,0,False
1076,0,False
1077,0,False
1078,0,False
1079,0,False
1080,0,False
1081,0,False
1082,0,False
1083,0,False
1084,0,False
1085,0,False
1086,0,False
1087,0,False
1088,0,False
1089,0,False
1090,0,False
1091,0,False
1092,0,False
1093,0,False
1094,0,False
1095,0,False
1096,0,False
1097,0,False
1098,0,False
1099,0,False
1100,0,False
1101,0,False
1102,0,False
1103,0,False
1104,0,False
1105,0,False
1106,0,False
1107,0,False
1108,0,False
1109,0,False
1110,0,False
1111,0,False
1112,0,False
1113,0,False
1114,0,False
1115,0,False
1116,0,False
1117,0,False
1118,0,False
1119,0,False
1120,0,False
1121,0,False
1122,0,False
1123,0,False
1124,0,False
1125,0,False
1126,0,False
1127,0,False
1128,0,False
1129,0,False
1130,0,False
1131,0,False
1132,0,False
1133,0,False
1134,0,False
1135,0,False
1136,0,False
1137,0,False
1138,0,False
1139,0,False
1140,0,False
1141,0,False
1142,0,False
1143,0,False
1144,0,False
1145,0,False
1146,0,False
1147,0,False
1148,0,False
1149,0,False
1150,0,False
1151,0,False
1152,311,True
1153,311,True
1154,311,True
1155,310,True
1156,311,True
1157,311,True
1158,316,True
1159,315,True
1160,313,True
1161,313,True
1162,314,True
1163,317,True
1164,315,True
1165,315,True
1166,316,True
1167,315,True
1168,314,True
1169,316,True
1170,318,True
1171,315,True
1172,317,True
1173,317,True
1174,316,True
1175,314,True
1176,314,True
1177,314,True
1178,317,True
1179,316,True
1180,315,True
1181,317,True
1182,316,True
1183,315,True
1184,317,True
1185,315,True
1186,314,True
1187,315,True
1188,315,True
1189,314,True
1190,316,True
1191,315,True
1192,316,True
1193,315,True
1194,317,True
1195,316,True
1196,315,True
1197,315,True
1198,315,True
1199,315,True
1200,317,True
1201,314,True
1202,315,True
1203,317,True
1204,315,True
1205,315,True
1206,315,True
1207,315,True
1208,316,True
1209,314,True
1210,314,True
1211,313,True
1212,314,True
1213,313,True
1214,314,True
1215,314,True
1216,313,True
1217,316,True
1218,314,True
1219,317,True
1220,314,True
1221,314,True
1222,306,True
1223,308,True
1224,308,True
1225,308,True
1226,306,True
1227,306,True
1228,311,True
1229,312,True
1230,311,True
1231,311,True
1232,0,False
1233,0,False
1234,0,False
1235,0,False
1236,0,False
1237,0,False
1238,0,False
1239,0,False
1240,0,False
1241,0,False
1242,0,False
1243,0,False
1244,0,False
1245,0,False
1246,0,False
1247,0,False
1248,0,False
1249,0,False
1250,0,False
1251,0,False
1252,0,False
1253,0,False
1254,0,False
1255,0,False
1256,0,False
1257,0,False
1258,0,False
1259,0,False
1260,0,False
1261,0,False
1262,0,False
1263,0,False
1264,0,False
1265,0,False
1266,0,False
1267,0,False
1268,0,False
1269,0,False
1270,0,False
1271,0,False
1272,0,False
1273,0,False
1274,0,False
1275,0,False
1276,0,False
1277,0,False
1278,0,False
1279,0,False
1280,0,False
1281,0,False
1282,0,False
1283,0,False
1284,0,False
1285,0,False
1286,0,False
1287,0,False
1288,0,False
1289,0,False
1290,0,False
1291,0,False
1292,0,False
1293,0,False
1294,0,False
1295,0,False
1296,0,False
1297,0,False
1298,0,False
1299,0,False
1300,0,False
1301,0,False
1302,0,False
1303,0,False
1304,0,False
1305,0,False
1306,0,False
1307,0,False
1308,0,False
1309,0,False
1310,0,False
1311,0,False
1312,0,False
1313,0,False
1314,0,False
1315,0,False
1316,0,False
1317,0,False
1318,0,False
1319,0,False
1320,0,False
1321,0,False
1322,0,False
1323,0,False
1324,0,False
1325,0,False
1326,0,False
1327,0,False
1328,0,False
1329,0,False
1330,0,False
1331,0,False
1332,0,False
1333,0,False
1334,0,False
1335,0,False
1336,0,False
1337,0,False
1338,0,False
1339,0,False
1340,0,False
1341,0,False
1342,0,False
1343,0,False
1344,0,False
1345,0,False
1346,0,False
1347,0,False
1348,0,False
1349,0,False
1350,0,False
1351,0,False
1352,0,False
1353,0,False
1354,0,False
1355,0,False
1356,0,False
1357,0,False
1358,0,False
1359,0,False
1360,0,False
1361,0,False
1362,0,False
1363,0,False
1364,0,False
1365,0,False
1366,0,False
1367,0,False
1368,0,False
1369,0,False
1370,0,False
1371,0,False
1372,0,False
1373,0,False
1374,0,False
1375,0,False
1376,0,False
1377,0,False
1378,0,False
1379,0,False
1380,0,False
1381,0,False
1382,0,False
1383,0,False
1384,0,False
1385,0,False
1386,0,False
1387,0,False
1388,0,False
1389,0,False
1390,0,False
1391,0,False
1392,0,False
1393,0,False
1394,0,False
1395,0,False
1396,0,False
1397,0,False
1398,0,False
1399,0,False
1400,0,False
1401,0,False
1402,0,False
1403,0,False
1404,0,False
1405,0,False
1406,0,False
1407,0,False
1408,0,False
1409,0,False
1410,0,False
1411,0,False
1412,0,False
1413,0,False
1414,0,False
1415,0,False
1416,0,False
1417,0,False
1418,0,False
1419,0,False
1420,0,False
1421,0,False
1422,0,False
1423,0,False
1424,0,False
1425,0,False
1426,0,False
1427,0,False
1428,0,False
1429,0,False
1430,0,False
1431,0,False
1432,0,False
1433,0,False
1434,0,False
1435,0,False
1436,0,False
1437,0,False
1438,0,False
1439,0,False
1440,0,False
1441,0,False
1442,0,False
1443,0,False
1444,0,False
1445,0,False
1446,0,False
1447,0,False
1448,0,False
1449,0,False
1450,0,False
1451,0,False
1452,0,False
1453,0,False
1454,0,False
1455,0,False
1456,0,False
1457,0,False
1458,0,False
1459,0,False
1460,0,False
1461,0,False
1462,0,False
1463,0,False
1464,0,False
1465,0,False
1466,0,False
1467,0,False
1468,0,False
1469,0,False
1470,0,False
1471,0,False
1472,0,False
1473,0,False
1474,0,False
1475,0,False
1476,0,False
1477,0,False
1478,0,False
1479,0,False
1480,0,False
1481,0,False
1482,0,False
1483,0,False
1484,0,False
1485,0,False
1486,0,False
1487,0,False
1488,0,False
1489,0,False
1490,0,False
1491,0,False
1492,0,False
1493,0,False
1494,0,False
1495,0,False
1496,0,False
1497,0,False
1498,0,False
1499,0,False
1500,0,False
1501,0,False
1502,0,False
1503,0,False
1504,0,False
1505,0,False
1506,0,False
1507,0,False
1508,0,False
1509,0,False
1510,0,False
1511,0,False
1512,0,False
1513,0,False
1514,0,False
1515,0,False
1516,0,False
1517,0,False
1518,0,False
1519,0,False
1520,0,False
1521,0,False
1522,0,False
1523,0,False
1524,0,False
1525,0,False
1526,0,False
1527,0,False
1528,0,False
1529,0,False
1530,0,False
1531,0,False
1532,0,False
1533,0,False
1534,0,False
1535,0,False
1536,0,False
1537,0,False
1538,0,False
1539,0,False
1540,0,False
1541,0,False
1542,0,False
1543,0,False
1544,0,False
1545,0,False
1546,0,False
1547,0,False
1548,0,False
1549,0,False
1550,0,False
1551,0,False
1552,0,False
1553,0,False
1554,0,False
1555,0,False
1556,0,False
1557,0,False
1558,0,False
1559,0,False
1560,0,False
1561,0,False
1562,0,False
1563,0,False
1564,0,False
1565,0,False
1566,0,False
1567,0,False
1568,0,False
1569,0,False
1570,0,False
1571,0,False
1572,0,False
1573,0,False
1574,0,False
1575,0,False
1576,0,False
1577,0,False
1578,0,False
1579,0,False
1580,0,False
1581,0,False
1582,0,False
1583,0,False
1584,0,False
1585,0,False
1586,0,False
1587,0,False
1588,0,False
1589,0,False
1590,0,False
1591,0,False
1592,0,False
1593,0,False
1594,0,False
1595,0,False
1596,0,False
1597,0,False
1598,0,False
1599,0,False
1600,0,False
1601,0,False
1602,0,False
1603,0,False
1604,0,False
1605,0,False
1606,0,False
1607,0,False
1608,0,False
1609,0,False
1610,0,False
1611,0,False
1612,0,False
1613,0,False
1614,0,False
1615,0,False
1616,0,False
1617,0,False
1618,0,False
1619,0,False
1620,0,False
1621,0,False
1622,0,False
1623,0,False
1624,0,False
1625,0,False
1626,0,False
1627,0,False
1628,0,False
1629,0,False
1630,0,False
1631,0,False
1632,0,False
1633,0,False
1634,0,False
1635,0,False
1636,0,False
1637,0,False
1638,0,False
1639,0,False
1640,0,False
1641,0,False
1642,0,False
1643,0,False
1644,0,False
1645,0,False
1646,0,False
1647,0,False
1648,0,False
1649,0,False
1650,0,False
1651,0,False
1652,0,False
1653,0,False
1654,0,False
1655,0,False
1656,0,False
1657,0,False
1658,0,False
1659,0,False
1660,0,False
1661,0,False
1662,0,False
1663,0,False
1664,0,False
1665,0,False
1666,0,False
1667,0,False
1668,0,False
1669,0,False
1670,0,False
1671,0,False
1672,0,False
1673,0,False
1674,0,False
1675,0,False
1676,0,False
1677,0,False
1678,0,False
1679,0,False
1680,0,False
1681,0,False
1682,0,False
1683,0,False
1684,0,False
1685,0,False
1686,0,False
1687,0,False
1688,0,False
1689,0,False
1690,0,False
1691,0,False
1692,0,False
1693,0,False
1694,0,False
1695,0,False
1696,0,False
1697,0,False
1698,0,False
1699,0,False
1700,0,False
1701,0,False
1702,0,False
1703,0,False
1704,0,False
1705,0,False
1706,0,False
1707,0,False
1708,0,False
1709,0,False
1710,0,False
1711,0,False
1712,0,False
1713,0,False
1714,0,False
1715,0,False
1716,0,False
1717,0,False
1718,0,False
1719,0,False
1720,0,False
1721,0,False
1722,0,False
1723,0,False
1724,0,False
1725,0,False
1726,0,False
1727,0,False
1728,0,False
1729,0,False
1730,0,False
1731,0,False
1732,0,False
1733,0,False
1734,0,False
1735,0,False
1736,0,False
1737,0,False
1738,0,False
1739,0,False
1740,0,False
1741,0,False
1742,0,False
1743,0,False
1744,0,False
1745,0,False
1746,0,False
1747,0,False
1748,0,False
1749,0,False
1750,0,False
1751,0,False
1752,0,False
1753,0,False
1754,0,False
1755,0,False
1756,0,False
1757,0,False
1758,0,False
1759,0,False
1760,0,False
1761,0,False
1762,0,False
1763,0,False
1764,0,False
1765,0,False
1766,315,True
1767,313,True
1768,315,True
1769,312,True
1770,314,True
1771,317,True
1772,314,True
1773,312,True
1774,313,True
1775,315,True
1776,312,True
1777,315,True
1778,313,True
1779,315,True
1780,313,True
1781,313,True
1782,314,True
1783,314,True
1784,312,True
1785,313,True
1786,313,True
1787,313,True
1788,313,True
1789,313,True
1790,313,True
1791,312,True
1792,314,True
1793,312,True
1794,314,True
1795,313,True
1796,314,True
1797,313,True
1798,314,True
1799,314,True
1800,314,True
1801,312,True
1802,312,True
1803,312,True
1804,312,True
1805,312,True
1806,311,True
1807,312,True
1808,312,True
1809,309,True
1810,311,True
1811,310,True
1812,311,True
1813,310,True
1814,309,True
1815,311,True
1816,312,True
1817,314,True
1818,311,True
1819,312,True
1820,314,True
1821,312,True
1822,314,True
1823,315,True
1824,314,True
1825,313,True
1826,312,True
1827,311,True
1828,312,True
1829,313,True
1830,313,True
1831,311,True
1832,311,True
1833,313,True
1834,313,True
1835,312,True
1836,312,True
1837,313,True
1838,313,True
1839,313,True
1840,312,True
1841,312,True
1842,313,True
1843,312,True
1844,310,True
1845,311,True
1846,311,True
1847,310,True
1848,313,True
1849,311,True
1850,313,True
1851,312,True
1852,313,True
1853,307,True
1854,307,True
1855,310,True
1856,309,True
1857,310,True
1858,310,True
1859,309,True
1860,310,True
1861,310,True
1862,311,True
1863,311,True
1864,309,True
1865,309,True
1866,310,True
1867,310,True
1868,309,True
1869,309,True
1870,310,True
1871,310,True
1872,310,True
1873,311,True
1874,312,True
1875,310,True
1876,308,True
1877,307,True
1878,310,True
1879,310,True
1880,308,True
1881,309,True
1882,308,True
1883,313,True
1884,310,True
1885,309,True
1886,312,True
1887,310,True
1888,310,True
1889,306,True
1890,309,True
1891,307,True
1892,310,True
1893,310,True
1894,307,True
1895,310,True
1896,310,True
1897,312,True
1898,310,True
1899,313,True
1900,314,True
1901,311,True
1902,311,True
1903,312,True
1904,311,True
1905,312,True
1906,311,True
1907,311,True
1908,312,True
1909,312,True
1910,313,True
1911,314,True
1912,311,True
1913,308,True
1914,311,True
1915,312,True
1916,313,True
1917,315,True
1918,312,True
1919,308,True
1920,310,True
1921,309,True
1922,310,True
1923,309,True
1924,311,True
1925,313,True
1926,311,True
1927,312,True
1928,310,True
1929,313,True
1930,311,True
1931,311,True
1932,313,True
1933,309,True
1934,311,True
1935,311,True
1936,309,True
1937,310,True
1938,310,True
1939,310,True
1940,308,True
1941,309,True
1942,309,True
1943,310,True
1944,312,True
1945,310,True
1946,310,True
1947,310,True
1948,309,True
1949,309,True
1950,312,True
1951,311,True
1952,312,True
1953,311,True
1954,311,True
1955,312,True
1956,312,True
1957,311,True
1958,311,True
1959,310,True
1960,311,True
1961,309,True
1962,310,True
1963,314,True
1964,310,True
1965,315,True
1966,313,True
1967,311,True
1968,311,True
1969,309,True
1970,311,True
1971,313,True
1972,312,True
1973,310,True
1974,311,True
1975,310,True
1976,0,False
1977,0,False
1978,0,False
1979,0,False
1980,0,False
1981,0,False
1982,0,False
1983,0,False
1984,0,False
1985,0,False
1986,0,False
1987,0,False
1988,0,False
1989,0,False
1990,0,False
1991,0,False
1992,0,False
1993,0,False
1994,0,False
1995,0,False
1996,0,False
1997,0,False
1998,0,False
1999,0,False
2000,0,False
2001,0,False
2002,0,False
2003,0,False
2004,0,False
2005,0,False
2006,0,False
2007,0,False
2008,0,False
2009,0,False
2010,0,False
2011,0,False
2012,0,False
2013,0,False
2014,0,False
2015,0,False
2016,0,False
2017,0,False
2018,0,False
2019,0,False
2020,0,False
2021,0,False
2022,0,False
2023,0,False
2024,0,False
2025,0,False
2026,0,False
2027,0,False
2028,0,False
2029,0,False
2030,0,False
2031,0,False
2032,0,False
2033,0,False
2034,0,False
2035,0,False
2036,0,False
2037,0,False
2038,0,False
2039,0,False
2040,0,False
2041,0,False
2042,0,False
2043,0,False
2044,0,False
2045,0,False
2046,0,False
2047,0,False
2048,0,False
2049,0,False
2050,0,False
2051,0,False
2052,0,False
2053,0,False
2054,0,False
2055,0,False
2056,0,False
2057,0,False
2058,0,False
2059,0,False
2060,0,False
2061,0,False
2062,0,False
2063,0,False
2064,0,False
2065,0,False
2066,0,False
2067,0,False
2068,0,False
2069,0,False
2070,0,False
2071,0,False
2072,0,False
2073,0,False
2074,0,False
2075,0,False
2076,0,False
2077,0,False
2078,0,False
2079,0,False
2080,0,False
2081,0,False
2082,0,False
2083,0,False
2084,0,False
2085,0,False
2086,0,False
2087,0,False
2088,0,False
2089,0,False
2090,0,False
2091,0,False
2092,0,False
2093,0,False
2094,0,False
2095,0,False
2096,0,False
2097,0,False
2098,0,False
2099,0,False
2100,0,False
2101,0,False
2102,0,False
2103,0,False
2104,0,False
2105,0,False
2106,0,False
2107,0,False
2108,0,False
2109,0,False
2110,0,False
2111,0,False
2112,0,False
2113,0,False
2114,0,False
2115,0,False
2116,0,False
2117,0,False
2118,0,False
2119,0,False
2120,0,False
2121,0,False
2122,0,False
2123,0,False
2124,0,False
2125,0,False
2126,0,False
2127,0,False
2128,0,False
2129,0,False
2130,0,False
2131,0,False
2132,0,False
2133,0,False
2134,0,False
2135,0,False
2136,0,False
2137,0,False
2138,0,False
2139,0,False
2140,0,False
2141,0,False
2142,0,False
2143,0,False
2144,0,False
2145,0,False
2146,0,False
2147,0,False
2148,0,False
2149,0,False
2150,0,False
2151,0,False
2152,0,False
2153,0,False
2154,0,False
2155,0,False
2156,0,False
2157,0,False
2158,0,False
2159,0,False
2160,0,False
2161,0,False
2162,0,False
2163,0,False
2164,0,False
2165,0,False
2166,0,False
2167,0,False
2168,0,False
2169,0,False
2170,0,False
2171,0,False
2172,0,False
2173,0,False
2174,0,False
2175,0,False
2176,0,False
2177,0,False
2178,0,False
2179,0,False
2180,0,False
2181,0,False
2182,0,False
2183,0,False
2184,0,False
2185,0,False
2186,0,False
2187,0,False
2188,0,False
2189,0,False
2190,0,False
2191,0,False
2192,0,False
2193,0,False
2194,0,False
2195,0,False
2196,0,False
2197,0,False
2198,0,False
2199,0,False
2200,0,False
2201,0,False
2202,0,False
2203,0,False
2204,0,False
2205,0,False
2206,0,False
2207,0,False
2208,0,False
2209,0,False
2210,0,False
2211,0,False
2212,0,False
2213,0,False
2214,0,False
2215,0,False
2216,0,False
2217,0,False
2218,0,False
2219,0,False
2220,0,False
2221,0,False
2222,0,False
2223,0,False
2224,0,False
2225,0,False
2226,0,False
2227,0,False
2228,0,False
2229,0,False
2230,0,False
2231,0,False
2232,0,False
2233,0,False
2234,0,False
2235,0,False
2236,0,False
2237,0,False
2238,0,False
2239,0,False
2240,0,False
2241,0,False
2242,0,False
2243,0,False
2244,0,False
2245,0,False
2246,0,False
2247,0,False
2248,0,False
2249,0,False
2250,0,False
2251,0,False
2252,0,False
2253,0,False
2254,0,False
2255,0,False
2256,0,False
2257,0,False
2258,0,False
2259,0,False
2260,0,False
2261,0,False
2262,0,False
2263,0,False
2264,0,False
2265,0,False
2266,0,False
2267,0,False
2268,0,False
2269,0,False
2270,0,False
2271,0,False
2272,0,False
2273,0,False
2274,0,False
2275,0,False
2276,0,False
2277,0,False
2278,0,False
2279,0,False
2280,0,False
2281,0,False
2282,0,False
2283,0,False
2284,0,False
2285,0,False
2286,0,False
2287,0,False
2288,0,False
2289,0,False
2290,0,False
2291,0,False
2292,0,False
2293,0,False
2294,0,False
2295,0,False
2296,0,False
2297,0,False
2298,0,False
2299,0,False
2300,0,False
2301,0,False
2302,0,False
2303,0,False
2304,0,False
2305,0,False
2306,0,False
2307,0,False
2308,0,False
2309,0,False
2310,0,False
2311,0,False
2312,0,False
2313,0,False
2314,0,False
2315,0,False
2316,0,False
2317,0,False
2318,0,False
2319,0,False
2320,0,False
2321,0,False
2322,0,False
2323,0,False
2324,0,False
2325,0,False
2326,0,False
2327,0,False
2328,0,False
2329,0,False
2330,0,False
2331,0,False
2332,0,False
2333,0,False
2334,0,False
2335,0,False
2336,0,False
2337,0,False
2338,0,False
2339,0,False
2340,0,False
2341,0,False
2342,0,False
2343,0,False
2344,0,False
2345,0,False
2346,0,False
2347,0,False
2348,0,False
2349,0,False
2350,0,False
2351,0,False
2352,0,False
2353,0,False
2354,0,False
2355,0,False
2356,0,False
2357,0,False
2358,0,False
2359,0,False
2360,0,False
2361,0,False
2362,0,False
2363,0,False
2364,0,False
2365,0,False
2366,0,False
2367,0,False
2368,0,False
2369,0,False
2370,0,False
2371,0,False
2372,0,False
2373,0,False
2374,0,False
2375,0,False
2376,0,False
2377,0,False
2378,0,False
2379,0,False
2380,0,False
2381,0,False
2382,0,False
2383,0,False
2384,0,False
2385,0,False
2386,0,False
2387,0,False
2388,0,False
2389,0,False
2390,0,False
2391,0,False
2392,0,False
2393,0,False
2394,0,False
2395,0,False
2396,0,False
2397,0,False
2398,0,False
2399,0,False
2400,0,False
2401,0,False
2402,0,False
2403,0,False
2404,0,False
2405,0,False
2406,0,False
2407,0,False
2408,0,False
2409,0,False
2410,0,False
2411,0,False
2412,0,False
2413,0,False
2414,0,False
2415,0,False
2416,0,False
2417,0,False
2418,0,False
2419,0,False
2420,0,False
2421,0,False
2422,0,False
2423,0,False
2424,0,False
2425,0,False
2426,0,False
2427,0,False
2428,0,False
2429,0,False
2430,0,False
2431,0,False
2432,0,False
2433,0,False
2434,0,False
2435,0,False
2436,0,False
2437,0,False
2438,0,False
2439,0,False
2440,0,False
2441,0,False
2442,0,False
2443,0,False
2444,0,False
2445,0,False
2446,0,False
2447,0,False
2448,0,False
2449,0,False
2450,0,False
2451,0,False
2452,0,False
2453,0,False
2454,0,False
2455,0,False
2456,0,False
2457,0,False
2458,0,False
2459,0,False
2460,0,False
2461,0,False
2462,0,False
2463,0,False
2464,0,False
2465,0,False
2466,0,False
2467,0,False
2468,0,False
2469,0,False
2470,0,False
2471,0,False
2472,0,False
2473,0,False
2474,0,False
2475,0,False
2476,0,False
2477,0,False
2478,0,False
2479,0,False
2480,0,False
2481,0,False
2482,0,False
2483,0,False
2484,0,False
2485,316,True
2486,317,True
2487,317,True
2488,318,True
2489,320,True
2490,318,True
2491,318,True
2492,316,True
2493,319,True
2494,316,True
2495,316,True
2496,318,True
2497,319,True
2498,318,True
2499,316,True
2500,318,True
2501,317,True
2502,319,True
2503,317,True
2504,317,True
2505,319,True
2506,318,True
2507,316,True
2508,316,True
2509,315,True
2510,318,True
2511,317,True
2512,316,True
2513,318,True
2514,316,True
2515,317,True
2516,317,True
2517,317,True
2518,317,True
2519,318,True
2520,317,True
2521,315,True
2522,317,True
2523,316,True
2524,316,True
2525,316,True
2526,315,True
2527,315,True
2528,317,True
2529,316,True
2530,316,True
2531,315,True
2532,315,True
2533,316,True
2534,315,True
2535,315,True
2536,315,True
2537,313,True
2538,316,True
2539,316,True
2540,314,True
2541,317,True
2542,315,True
2543,313,True
2544,315,True
2545,312,True
2546,313,True
2547,315,True
2548,315,True
2549,314,True
2550,314,True
2551,307,True
2552,311,True
2553,314,True
2554,313,True
2555,311,True
2556,312,True
2557,311,True
2558,311,True
2559,313,True
2560,315,True
2561,313,True
2562,315,True
2563,315,True
2564,315,True
2565,0,False
2566,0,False
2567,0,False
2568,0,False
2569,0,False
2570,0,False
2571,0,False
2572,0,False
2573,0,False
2574,0,False
2575,0,False
2576,0,False
2577,0,False
2578,0,False
2579,0,False
2580,0,False
2581,0,False
2582,0,False
2583,0,False
2584,0,False
2585,0,False
2586,0,False
2587,0,False
2588,0,False
2589,0,False
2590,0,False
2591,0,False
2592,0,False
2593,0,False
2594,0,False
2595,0,False
2596,0,False
2597,0,False
2598,0,False
2599,0,False
2600,0,False
2601,0,False
2602,0,False
2603,0,False
2604,0,False
2605,0,False
2606,0,False
2607,0,False
2608,0,False
2609,0,False
2610,0,False
2611,0,False
2612,0,False
2613,0,False
2614,0,False
2615,0,False
2616,0,False
2617,0,False
2618,0,False
2619,0,False
2620,0,False
2621,0,False
2622,0,False
2623,0,False
2624,0,False
2625,0,False
2626,0,False
2627,0,False
2628,0,False
2629,0,False
2630,0,False
2631,0,False
2632,0,False
2633,0,False
2634,0,False
2635,0,False
2636,0,False
2637,0,False
2638,0,False
2639,0,False
2640,0,False
2641,0,False
2642,0,False
2643,0,False
2644,0,False
2645,0,False
2646,0,False
2647,0,False
2648,0,False
2649,0,False
2650,0,False
2651,0,False
2652,0,False
2653,0,False
2654,0,False
2655,0,False
2656,0,False
2657,0,False
2658,0,False
2659,0,False
2660,0,False
2661,0,False
2662,0,False
2663,0,False
2664,0,False
2665,0,False
2666,0,False
2667,0,False
2668,0,False
2669,0,False
2670,0,False
2671,0,False
2672,0,False
2673,0,False
2674,0,False
2675,0,False
2676,0,False
2677,0,False
2678,0,False
2679,0,False
2680,0,False
2681,0,False
2682,0,False
2683,0,False
2684,0,False
2685,0,False
2686,0,False
2687,0,False
2688,0,False
2689,0,False
2690,0,False
2691,0,False
2692,0,False
2693,0,False
2694,0,False
2695,0,False
2696,0,False
2697,0,False
2698,0,False
2699,0,False
2700,0,False
2701,0,False
2702,0,False
2703,0,False
2704,0,False
2705,0,False
2706,0,False
2707,0,False
2708,0,False
2709,0,False
2710,0,False
2711,0,False
2712,0,False
2713,0,False
2714,0,False
2715,0,False
2716,0,False
2717,0,False
2718,0,False
2719,0,False
2720,0,False
2721,0,False
2722,0,False
2723,0,False
2724,0,False
2725,0,False
2726,0,False
2727,0,False
2728,0,False
2729,0,False
2730,0,False
2731,0,False
2732,0,False
2733,0,False
2734,0,False
2735,0,False
2736,0,False
2737,0,False
2738,0,False
2739,0,False
2740,0,False
2741,0,False
2742,0,False
2743,0,False
2744,0,False
2745,0,False
2746,0,False
2747,0,False
2748,0,False
2749,0,False
2750,0,False
2751,0,False
2752,0,False
2753,0,False
2754,0,False
2755,0,False
2756,0,False
2757,0,False
2758,0,False
2759,0,False
2760,0,False
2761,0,False
2762,0,False
2763,0,False
2764,0,False
2765,0,False
2766,0,False
2767,0,False
2768,0,False
2769,0,False
2770,0,False
2771,0,False
2772,0,False
2773,0,False
2774,0,False
2775,0,False
2776,0,False
2777,0,False
2778,0,False
2779,0,False
2780,0,False
2781,0,False
2782,0,False
2783,0,False
2784,0,False
2785,0,False
2786,0,False
2787,0,False
2788,0,False
2789,0,False
2790,0,False
2791,0,False
2792,0,False
2793,0,False
2794,0,False
2795,0,False
2796,0,False
2797,0,False
2798,0,False
2799,0,False
2800,0,False
2801,0,False
2802,0,False
2803,0,False
2804,0,False
2805,0,False
2806,0,False
2807,0,False
2808,0,False
2809,0,False
2810,0,False
2811,0,False
2812,0,False
2813,0,False
2814,0,False
2815,0,False
2816,0,False
2817,0,False
2818,0,False
2819,0,False
2820,0,False
2821,0,False
2822,0,False
2823,0,False
2824,0,False
2825,0,False
2826,0,False
2827,0,False
2828,0,False
2829,0,False
2830,0,False
2831,0,False
2832,0,False
2833,0,False
2834,0,False
2835,0,False
2836,0,False
2837,0,False
2838,0,False
2839,0,False
2840,0,False
2841,0,False
2842,0,False
2843,0,False
2844,0,False
2845,0,False
2846,0,False
2847,0,False
2848,0,False
2849,0,False
2850,0,False
2851,0,False
2852,0,False
2853,0,False
2854,0,False
2855,0,False
2856,0,False
2857,0,False
2858,0,False
2859,0,False
2860,0,False
2861,0,False
2862,0,False
2863,0,False
2864,0,False
2865,0,False
2866,0,False
2867,0,False
2868,0,False
2869,0,False
2870,0,False
2871,0,False
2872,0,False
2873,0,False
2874,0,False
2875,0,False
2876,0,False
2877,0,False
2878,0,False
2879,0,False
2880,0,False
2881,0,False
2882,0,False
2883,0,False
2884,0,False
2885,0,False
2886,0,False
2887,0,False
2888,0,False
2889,0,False
2890,0,False
2891,0,False
2892,0,False
2893,0,False
2894,0,False
2895,0,False
2896,0,False
2897,0,False
2898,0,False
2899,0,False
2900,0,False
2901,0,False
2902,0,False
2903,0,False
2904,0,False
2905,0,False
2906,0,False
2907,0,False
2908,0,False
2909,0,False
2910,0,False
2911,0,False
2912,0,False
2913,0,False
2914,0,False
2915,0,False
2916,0,False
2917,0,False
2918,0,False
2919,0,False
2920,0,False
2921,0,False
2922,0,False
2923,0,False
2924,0,False
2925,0,False
2926,0,False
2927,0,False
2928,0,False
2929,0,False
2930,0,False
2931,0,False
2932,0,False
2933,0,False
2934,0,False
2935,0,False
2936,0,False
2937,0,False
2938,0,False
2939,0,False
2940,0,False
2941,0,False
2942,0,False
2943,0,False
2944,0,False
2945,0,False
2946,0,False
2947,0,False
2948,0,False
2949,0,False
2950,0,False
2951,0,False
2952,0,False
2953,0,False
2954,0,False
2955,0,False
2956,0,False
2957,0,False
2958,0,False
2959,0,False
2960,0,False
2961,0,False
2962,0,False
2963,0,False
2964,0,False
2965,0,False
2966,0,False
2967,0,False
2968,0,False
2969,0,False
2970,0,False
2971,0,False
2972,0,False
2973,0,False
2974,0,False
2975,0,False
2976,0,False
2977,0,False
2978,0,False
2979,0,False
2980,0,False
2981,0,False
2982,0,False
2983,0,False
2984,0,False
2985,0,False
2986,0,False
2987,0,False
2988,0,False
2989,0,False
2990,0,False
2991,0,False
2992,0,False
2993,0,False
2994,0,False
2995,0,False
2996,0,False
2997,0,False
2998,0,False
2999,0,False
3000,0,False
3001,0,False
3002,0,False
3003,0,False
3004,0,False
3005,0,False
3006,0,False
3007,0,False
3008,0,False
3009,0,False
3010,0,False
3011,0,False
3012,0,False
3013,0,False
3014,0,False
3015,0,False
3016,0,False
3017,0,False
3018,0,False
3019,0,False
3020,0,False
3021,0,False
3022,0,False
3023,0,False
3024,0,False
3025,0,False
3026,0,False
3027,0,False
3028,0,False
3029,0,False
3030,0,False
3031,0,False
3032,0,False
3033,0,False
3034,0,False
3035,0,False
3036,0,False
3037,0,False
3038,0,False
3039,0,False
3040,0,False
3041,0,False
3042,0,False
3043,0,False
3044,0,False
3045,0,False
3046,0,False
3047,0,False
3048,0,False
3049,0,False
3050,0,False
3051,0,False
3052,0,False
3053,0,False
3054,0,False
3055,0,False
3056,0,False
3057,0,False
3058,0,False
3059,0,False
3060,0,False
3061,0,False
3062,0,False
3063,0,False
3064,0,False
3065,0,False
3066,0,False
3067,0,False
3068,0,False
3069,0,False
3070,0,False
3071,0,False
3072,0,False
3073,0,False
3074,0,False
3075,0,False
3076,0,False
3077,0,False
3078,0,False
3079,0,False
3080,0,False
3081,0,False
3082,0,False
3083,0,False
3084,0,False
3085,0,False
3086,0,False
3087,0,False
3088,0,False
3089,0,False
3090,0,False
3091,0,False
3092,0,False
3093,0,False
3094,0,False
3095,0,False
3096,0,False
3097,0,False
3098,0,False
3099,0,False
3100,0,False
3101,0,False
3102,0,False
3103,0,False
3104,0,False
3105,0,False
3106,0,False
3107,0,False
3108,0,False
3109,0,False
3110,0,False
3111,0,False
3112,0,False
3113,0,False
3114,0,False
3115,0,False
3116,0,False
3117,0,False
3118,0,False
3119,0,False
3120,0,False
3121,0,False
3122,0,False
3123,0,False
3124,0,False
3125,0,False
3126,0,False
3127,0,False
3128,0,False
3129,0,False
3130,0,False
3131,0,False
3132,0,False
3133,0,False
3134,0,False
3135,0,False
3136,0,False
3137,0,False
3138,0,False
3139,0,False
3140,0,False
3141,0,False
3142,0,False
3143,0,False
3144,0,False
3145,0,False
3146,0,False
3147,0,False
3148,0,False
3149,0,False
3150,0,False
3151,0,False
3152,0,False
3153,0,False
3154,0,False
3155,0,False
3156,0,False
3157,0,False
3158,0,False
3159,0,False
3160,0,False
3161,0,False
3162,0,False
3163,0,False
3164,0,False
3165,0,False
3166,0,False
3167,0,False
3168,0,False
3169,0,False
3170,0,False
3171,0,False
3172,0,False
3173,0,False
3174,0,False
3175,0,False
3176,0,False
3177,0,False
3178,0,False
3179,0,False
3180,0,False
3181,0,False
3182,0,False
3183,0,False
3184,0,False
3185,0,False
3186,0,False
3187,0,False
3188,0,False
3189,0,False
3190,0,False
3191,0,False
3192,0,False
3193,0,False
3194,0,False
3195,0,False
3196,0,False
3197,0,False
3198,0,False
3199,0,False
3200,0,False
3201,0,False
3202,0,False
3203,0,False
3204,0,False
3205,0,False
3206,0,False
3207,0,False
3208,0,False
3209,0,False
3210,0,False
3211,0,False
3212,0,False
3213,0,False
3214,0,False
3215,0,False
3216,0,False
3217,0,False
3218,0,False
3219,0,False
3220,0,False
3221,0,False
3222,0,False
3223,0,False
3224,0,False
3225,0,False
3226,0,False
3227,0,False
3228,0,False
3229,0,False
3230,0,False
3231,0,False
3232,0,False
3233,0,False
3234,0,False
3235,0,False
3236,0,False
3237,0,False
3238,0,False
3239,0,False
3240,0,False
3241,0,False
3242,0,False
3243,0,False
3244,0,False
3245,0,False
3246,0,False
3247,0,False
3248,0,False
3249,0,False
3250,0,False
3251,0,False
3252,0,False
3253,0,False
3254,0,False
3255,0,False
3256,0,False
3257,0,False
3258,0,False
3259,0,False
3260,0,False
3261,0,False
3262,0,False
3263,0,False
3264,0,False
3265,0,False
3266,0,False
3267,0,False
3268,0,False
3269,0,False
3270,0,False
3271,0,False
3272,0,False
3273,0,False
3274,0,False
3275,0,False
3276,0,False
3277,0,False
3278,0,False
3279,0,False
3280,0,False
3281,0,False
3282,0,False
3283,0,False
3284,0,False
3285,0,False
3286,0,False
3287,0,False
3288,0,False
3289,0,False
3290,0,False
3291,0,False
3292,0,False
3293,0,False
3294,0,False
3295,0,False
3296,0,False
3297,0,False
3298,0,False
3299,0,False
3300,0,False
3301,0,False
3302,0,False
3303,0,False
3304,0,False
3305,0,False
3306,0,False
3307,0,False
3308,0,False
3309,0,False
3310,0,False
3311,0,False
3312,0,False
3313,0,False
3314,0,False
3315,0,False
3316,0,False
3317,0,False
3318,0,False
3319,0,False
3320,0,False
3321,0,False
3322,0,False
3323,0,False
3324,0,False
3325,0,False
3326,0,False
3327,0,False
3328,0,False
3329,0,False
3330,0,False
3331,0,False
3332,0,False
3333,0,False
3334,0,False
3335,0,False
3336,0,False
3337,0,False
3338,0,False
3339,0,False
3340,0,False
3341,0,False
3342,0,False
3343,0,False
3344,0,False
3345,0,False
3346,0,False
3347,0,False
3348,0,False
3349,0,False
3350,0,False
3351,0,False
3352,0,False
3353,0,False
3354,310,True
3355,311,True
3356,313,True
3357,313,True
3358,314,True
3359,311,True
3360,311,True
3361,313,True
3362,312,True
3363,312,True
3364,312,True
3365,313,True
3366,310,True
3367,309,True
3368,309,True
3369,312,True
3370,311,True
3371,312,True
3372,312,True
3373,312,True
3374,313,True
3375,313,True
3376,313,True
3377,312,True
3378,313,True
3379,311,True
3380,311,True
3381,311,True
3382,312,True
3383,313,True
3384,312,True
3385,313,True
3386,313,True
3387,315,True
3388,313,True
3389,312,True
3390,311,True
3391,313,True
3392,314,True
3393,313,True
3394,315,True
3395,315,True
3396,314,True
3397,308,True
3398,312,True
3399,313,True
3400,311,True
3401,313,True
3402,312,True
3403,314,True
3404,310,True
3405,310,True
3406,311,True
3407,310,True
3408,311,True
3409,310,True
3410,311,True
3411,311,True
3412,310,True
3413,310,True
3414,311,True
3415,311,True
3416,311,True
3417,311,True
3418,312,True
3419,310,True
3420,310,True
3421,310,True
3422,311,True
3423,309,True
3424,310,True
3425,311,True
3426,311,True
3427,313,True
3428,313,True
3429,312,True
3430,312,True
3431,312,True
3432,312,True
3433,312,True
3434,313,True
3435,311,True
3436,312,True
3437,312,True
3438,312,True
3439,312,True
3440,312,True
3441,312,True
3442,311,True
3443,311,True
3444,311,True
3445,312,True
3446,313,True
3447,313,True
3448,313,True
3449,312,True
3450,311,True
3451,313,True
3452,312,True
3453,312,True
3454,312,True
3455,314,True
3456,314,True
3457,311,True
3458,315,True
3459,311,True
3460,315,True
3461,314,True
3462,314,True
3463,311,True
3464,313,True
3465,310,True
3466,311,True
3467,312,True
3468,312,True
3469,313,True
3470,312,True
3471,312,True
3472,314,True
3473,314,True
3474,315,True
3475,315,True
3476,0,False
3477,0,False
3478,0,False
3479,0,False
3480,0,False
3481,0,False
3482,0,False
3483,0,False
3484,0,False
3485,0,False
3486,0,False
3487,0,False
3488,0,False
3489,0,False
3490,0,False
3491,0,False
3492,0,False
3493,0,False
3494,0,False
3495,0,False
3496,0,False
3497,0,False
3498,0,False
3499,0,False
3500,0,False
3501,0,False
3502,0,False
3503,0,False
3504,0,False
3505,0,False
3506,0,False
3507,0,False
3508,0,False
3509,0,False
3510,0,False
3511,0,False
3512,0,False
3513,0,False
3514,0,False
3515,0,False
3516,0,False
3517,0,False
3518,0,False
3519,0,False
3520,0,False
3521,0,False
3522,0,False
3523,0,False
3524,0,False
3525,0,False
3526,0,False
3527,0,False
3528,0,False
3529,0,False
3530,0,False
3531,0,False
3532,0,False
3533,0,False
3534,0,False
3535,0,False
3536,0,False
3537,0,False
3538,0,False
3539,0,False
3540,0,False
3541,0,False
3542,0,False
3543,0,False
3544,0,False
3545,0,False
3546,0,False
3547,0,False
3548,0,False
3549,0,False
3550,0,False
3551,0,False
3552,0,False
3553,0,False
3554,0,False
3555,0,False
3556,0,False
3557,0,False
3558,0,False
3559,0,False
3560,0,False
3561,0,False
3562,0,False
3563,0,False
3564,0,False
3565,0,False
3566,0,False
3567,0,False
3568,0,False
3569,0,False
3570,0,False
3571,0,False
3572,0,False
3573,0,False
3574,0,False
3575,0,False
3576,0,False
3577,0,False
3578,0,False
3579,0,False
3580,0,False
3581,0,False
3582,0,False
3583,0,False
3584,0,False
3585,0,False
3586,0,False
3587,0,False
3588,0,False
3589,0,False
3590,0,False
3591,0,False
3592,0,False
3593,0,False
3594,0,False
3595,0,False
3596,0,False
3597,0,False
3598,0,False
3599,0,False
3600,0,False
3601,0,False
3602,0,False
3603,0,False
3604,0,False
3605,0,False
3606,0,False
3607,0,False
3608,0,False
3609,0,False
3610,0,False
3611,0,False
3612,0,False
3613,0,False
3614,0,False
3615,0,False
3616,0,False
3617,0,False
3618,0,False
3619,0,False
3620,0,False
3621,0,False
3622,0,False
3623,0,False
3624,0,False
3625,0,False
3626,0,False
3627,0,False
3628,0,False
3629,0,False
3630,0,False
3631,0,False
3632,0,False
3633,0,False
3634,0,False
3635,0,False
3636,0,False
3637,0,False
3638,0,False
3639,0,False
3640,0,False
3641,0,False
3642,0,False
3643,0,False
3644,0,False
3645,0,False
3646,0,False
3647,0,False
3648,0,False
3649,0,False
3650,0,False
3651,0,False
3652,0,False
3653,0,False
3654,0,False
3655,0,False
3656,0,False
3657,0,False
3658,0,False
3659,0,False
3660,0,False
3661,0,False
3662,0,False
3663,0,False
3664,0,False
3665,0,False
3666,0,False
3667,0,False
3668,0,False
3669,0,False
3670,0,False
3671,0,False
3672,0,False
3673,0,False
3674,0,False
3675,0,False
3676,0,False
3677,0,False
3678,0,False
3679,0,False
3680,0,False
3681,0,False
3682,0,False
3683,0,False
3684,0,False
3685,0,False
3686,0,False
3687,0,False
3688,0,False
3689,0,False
3690,0,False
3691,0,False
3692,0,False
3693,0,False
3694,0,False
3695,0,False
3696,0,False
3697,0,False
3698,0,False
3699,0,False
3700,0,False
3701,0,False
3702,0,False
3703,0,False
3704,0,False
3705,0,False
3706,0,False
3707,0,False
3708,0,False
3709,0,False
3710,0,False
3711,0,False
3712,0,False
3713,0,False
3714,0,False
3715,0,False
3716,0,False
3717,0,False
3718,0,False
3719,0,False
3720,0,False
3721,0,False
3722,0,False
3723,0,False
3724,0,False
3725,0,False
3726,0,False
3727,0,False
3728,0,False
3729,0,False
3730,0,False
3731,0,False
3732,0,False
3733,0,False
3734,0,False
3735,0,False
3736,0,False
3737,0,False
3738,0,False
3739,0,False
3740,0,False
3741,0,False
3742,0,False
3743,0,False
3744,0,False
3745,0,False
3746,0,False
3747,0,False
3748,0,False
3749,0,False
3750,0,False
3751,0,False
3752,0,False
3753,0,False
3754,0,False
3755,0,False
3756,0,False
3757,0,False
3758,0,False
3759,0,False
3760,0,False
3761,0,False
3762,0,False
3763,0,False
3764,0,False
3765,0,False
3766,0,False
3767,0,False
3768,0,False
3769,0,False
3770,0,False
3771,0,False
3772,0,False
3773,0,False
3774,0,False
3775,0,False
3776,0,False
3777,0,False
3778,0,False
3779,0,False
3780,0,False
3781,0,False
3782,0,False
3783,0,False
3784,0,False
3785,0,False
3786,0,False
3787,0,False
3788,0,False
3789,0,False
3790,0,False
3791,0,False
3792,0,False
3793,0,False
3794,0,False
3795,0,False
3796,0,False
3797,0,False
3798,0,False
3799,0,False
3800,0,False
3801,0,False
3802,0,False
3803,0,False
3804,0,False
3805,0,False
3806,0,False
3807,0,False
3808,0,False
3809,0,False
3810,0,False
3811,0,False
3812,0,False
3813,0,False
3814,0,False
3815,0,False
3816,0,False
3817,0,False
3818,0,False
3819,0,False
3820,0,False
3821,0,False
3822,0,False
3823,0,False
3824,0,False
3825,0,False
3826,0,False
3827,0,False
3828,0,False
3829,0,False
3830,0,False
3831,0,False
3832,0,False
3833,0,False
3834,0,False
3835,0,False
3836,0,False
3837,0,False
3838,0,False
3839,0,False
3840,0,False
3841,0,False
3842,0,False
3843,0,False
3844,0,False
3845,0,False
3846,0,False
3847,0,False
3848,0,False
3849,0,False
3850,0,False
3851,0,False
3852,0,False
3853,0,False
3854,0,False
3855,0,False
3856,0,False
3857,0,False
3858,0,False
3859,0,False
3860,0,False
3861,0,False
3862,0,False
3863,0,False
3864,0,False
3865,0,False
3866,0,False
3867,0,False
3868,0,False
3869,0,False
3870,0,False
3871,0,False
3872,0,False
3873,0,False
3874,0,False
3875,0,False
3876,0,False
3877,0,False
3878,0,False
3879,0,False
3880,0,False
3881,0,False
3882,0,False
3883,0,False
3884,0,False
3885,0,False
3886,0,False
3887,0,False
3888,0,False
3889,0,False
3890,0,False
3891,0,False
3892,0,False
3893,0,False
3894,0,False
3895,0,False
3896,0,False
3897,0,False
3898,0,False
3899,0,False
3900,0,False
3901,0,False
3902,0,False
3903,0,False
3904,0,False
3905,0,False
3906,0,False
3907,0,False
3908,0,False
3909,0,False
3910,0,False
3911,0,False
3912,0,False
3913,0,False
3914,0,False
3915,0,False
3916,0,False
3917,0,False
3918,0,False
3919,0,False
3920,0,False
3921,0,False
3922,0,False
3923,0,False
3924,0,False
3925,0,False
3926,0,False
3927,0,False
3928,0,False
3929,0,False
3930,0,False
3931,0,False
3932,0,False
3933,0,False
3934,0,False
3935,0,False
3936,0,False
3937,0,False
3938,0,False
3939,0,False
3940,0,False
3941,0,False
3942,0,False
3943,0,False
3944,0,False
3945,0,False
3946,0,False
3947,0,False
3948,0,False
3949,0,False
3950,0,False
3951,0,False
3952,0,False
3953,0,False
3954,0,False
3955,0,False
3956,0,False
3957,0,False
3958,0,False
3959,0,False
3960,0,False
3961,0,False
3962,0,False
3963,0,False
3964,0,False
3965,0,False
3966,0,False
3967,0,False
3968,0,False
3969,311,True
3970,312,True
3971,312,True
3972,312,True
3973,312,True
3974,311,True
3975,312,True
3976,312,True
3977,312,True
3978,310,True
3979,311,True
3980,311,True
3981,312,True
3982,311,True
3983,311,True
3984,312,True
3985,312,True
3986,312,True
3987,312,True
3988,312,True
3989,311,True
3990,312,True
3991,312,True
3992,312,True
3993,312,True
3994,312,True
3995,311,True
3996,312,True
3997,312,True
3998,311,True
3999,311,True
4000,311,True
4001,313,True
4002,313,True
4003,313,True
4004,313,True
4005,312,True
4006,312,True
4007,312,True
4008,313,True
4009,312,True
4010,312,True
4011,314,True
4012,311,True
4013,312,True
4014,312,True
4015,313,True
4016,311,True
4017,312,True
4018,312,True
4019,313,True
4020,314,True
4021,314,True
4022,313,True
4023,313,True
4024,313,True
4025,315,True
4026,314,True
4027,315,True
4028,313,True
4029,314,True
4030,314,True
4031,312,True
4032,313,True
4033,314,True
4034,313,True
4035,313,True
4036,312,True
4037,312,True
4038,311,True
4039,312,True
4040,311,True
4041,312,True
4042,312,True
4043,313,True
4044,314,True
4045,313,True
4046,312,True
4047,313,True
4048,313,True
4049,314,True
4050,314,True
4051,315,True
4052,314,True
4053,313,True
4054,313,True
4055,312,True
4056,313,True
4057,313,True
4058,312,True
4059,312,True
4060,313,True
4061,313,True
4062,312,True
4063,312,True
4064,314,True
4065,313,True
4066,313,True
4067,311,True
4068,314,True
4069,314,True
4070,311,True
4071,312,True
4072,312,True
4073,313,True
4074,313,True
4075,313,True
4076,313,True
4077,312,True
4078,314,True
4079,313,True
4080,313,True
4081,311,True
4082,312,True
4083,313,True
4084,312,True
4085,312,True
4086,311,True
4087,313,True
4088,312,True
4089,314,True
4090,314,True
4091,314,True
4092,312,True
4093,311,True
4094,312,True
4095,313,True
4096,313,True
4097,313,True
4098,312,True
4099,311,True
4100,308,True
4101,308,True
4102,308,True
4103,308,True
4104,308,True
4105,309,True
4106,309,True
4107,308,True
4108,308,True
4109,310,True
4110,309,True
4111,310,True
4112,310,True
4113,311,True
4114,310,True
4115,314,True
4116,310,True
4117,312,True
4118,312,True
4119,309,True
4120,312,True
4121,312,True
4122,314,True
4123,314,True
4124,314,True
4125,314,True
4126,313,True
4127,316,True
4128,312,True
4129,311,True
4130,313,True
4131,310,True
4132,312,True
4133,310,True
4134,312,True
4135,311,True
4136,311,True
4137,309,True
4138,310,True
4139,311,True
4140,311,True
4141,314,True
4142,313,True
4143,0,False
